A quick look at whether your PC has enough free space and is in good shape to make changes safely.	Una revisión rápida de si tu PC tiene espacio libre suficiente y está en buen estado para hacer cambios con seguridad.	Un coup d'œil pour voir si votre PC a assez d'espace libre et s'il est en bon état pour appliquer des changements en toute sécurité.	Ein kurzer Blick darauf, ob dein PC genug freien Platz hat und in gutem Zustand ist, um sicher Änderungen vorzunehmen.	Uma verificação rápida para saber se seu PC tem espaço livre suficiente e está em boas condições para fazer alterações com segurança.	Un controllo rapido per capire se il tuo PC ha abbastanza spazio libero ed è in buono stato per fare modifiche in sicurezza.
A full drive can make a fix or an update stop halfway and leave things half done.	Un disco lleno puede hacer que una corrección o una actualización se detenga a medias y deje las cosas sin terminar.	Un disque plein peut interrompre une correction ou une mise à jour en cours de route et tout laisser inachevé.	Eine volle Festplatte kann dazu führen, dass eine Korrektur oder ein Update auf halbem Weg stehen bleibt.	Um disco cheio pode fazer uma correção ou atualização parar no meio e deixar tudo por terminar.	Un disco pieno può far fermare a metà una correzione o un aggiornamento, lasciando le cose incomplete.
Nothing to turn on. If it flags a problem, free up some space and check again.	No hay nada que activar. Si señala un problema, libera algo de espacio y vuelve a comprobar.	Rien à activer. S'il signale un problème, libérez de la place et vérifiez de nouveau.	Nichts einzuschalten. Wird ein Problem gemeldet, schaffe etwas Platz und prüfe erneut.	Não há nada a ativar. Se indicar um problema, libere algum espaço e verifique de novo.	Non c'è nulla da attivare. Se segnala un problema, libera un po' di spazio e controlla di nuovo.
Live virus protection watches files and apps as they open and stops harmful ones.	La protección antivirus en vivo vigila archivos y aplicaciones al abrirlos y detiene los dañinos.	La protection antivirus en direct surveille les fichiers et les applications à l'ouverture et bloque les dangereux.	Der Live-Virenschutz überwacht Dateien und Apps beim Öffnen und stoppt schädliche.	A proteção antivírus em tempo real vigia arquivos e apps quando abrem e bloqueia os perigosos.	La protezione antivirus in tempo reale controlla file e app quando si aprono e blocca quelli dannosi.
A virus in a download or an email attachment could run the moment you open it, with nothing to stop it.	Un virus en una descarga o en un adjunto de correo podría ejecutarse en cuanto lo abras, sin nada que lo detenga.	Un virus caché dans un téléchargement ou une pièce jointe pourrait s'exécuter dès l'ouverture, sans rien pour l'arrêter.	Ein Virus in einem Download oder E-Mail-Anhang könnte sofort beim Öffnen laufen, ohne dass etwas ihn aufhält.	Um vírus em um download ou anexo de e-mail poderia rodar assim que você o abre, sem nada para impedir.	Un virus in un download o in un allegato email potrebbe partire appena lo apri, senza nulla che lo fermi.
It works quietly in the background. Older PCs can feel a little slower during big file copies.	Funciona en silencio en segundo plano. Los PC antiguos pueden notarse algo más lentos al copiar archivos grandes.	Elle travaille discrètement en arrière-plan. Les PC anciens peuvent paraître un peu plus lents lors de grosses copies.	Er arbeitet leise im Hintergrund. Ältere PCs können beim Kopieren großer Dateien etwas langsamer wirken.	Funciona discretamente em segundo plano. PCs mais antigos podem parecer um pouco mais lentos ao copiar arquivos grandes.	Lavora in silenzio in background. I PC più vecchi possono sembrare un po' più lenti durante copie di file grandi.
Suspicious app detection watches what programs do and flags the ones that act like malware.	La detección de apps sospechosas observa lo que hacen los programas y señala los que actúan como malware.	La détection des applis suspectes observe ce que font les programmes et signale ceux qui se comportent comme des logiciels malveillants.	Die Erkennung verdächtiger Apps beobachtet, was Programme tun, und meldet solche, die sich wie Schadsoftware verhalten.	A detecção de apps suspeitos observa o que os programas fazem e sinaliza os que agem como malware.	Il rilevamento delle app sospette osserva ciò che fanno i programmi e segnala quelli che si comportano come malware.
A brand-new harmful program that nobody has seen before could carry on quietly while you use your PC.	Un programa dañino totalmente nuevo, que nadie ha visto antes, podría seguir actuando en silencio mientras usas tu PC.	Un programme malveillant tout neuf, encore inconnu, pourrait agir discrètement pendant que vous utilisez votre PC.	Ein brandneues Schadprogramm, das noch niemand kennt, könnte unbemerkt weiterlaufen, während du deinen PC benutzt.	Um programa nocivo novinho, que ninguém viu antes, poderia agir em silêncio enquanto você usa o PC.	Un programma dannoso nuovissimo, mai visto prima, potrebbe agire in silenzio mentre usi il PC.
Nothing you'll notice. Now and then a harmless app that behaves oddly may be flagged.	No notarás nada. De vez en cuando se puede señalar una app inofensiva que se comporta de forma extraña.	Vous ne verrez rien. De temps en temps, une appli inoffensive au comportement étrange peut être signalée.	Du merkst nichts. Gelegentlich wird eine harmlose App gemeldet, die sich merkwürdig verhält.	Você não vai notar nada. De vez em quando, um app inofensivo que se comporta de forma estranha pode ser sinalizado.	Non noterai nulla. Ogni tanto un'app innocua che si comporta in modo strano può essere segnalata.
Downloaded file checks scan files from the web and email attachments before you open them.	Las comprobaciones de archivos descargados analizan los archivos de la web y los adjuntos antes de que los abras.	Les vérifications de fichiers téléchargés analysent les fichiers du web et les pièces jointes avant leur ouverture.	Die Prüfung heruntergeladener Dateien scannt Dateien aus dem Web und E-Mail-Anhänge, bevor du sie öffnest.	As verificações de arquivos baixados analisam arquivos da web e anexos de e-mail antes de você abri-los.	I controlli dei file scaricati analizzano i file dal web e gli allegati email prima che tu li apra.
A booby-trapped download or attachment could be opened without ever being looked at.	Una descarga o un adjunto con trampa podría abrirse sin que nadie lo revise.	Un téléchargement ou une pièce jointe piégé pourrait être ouvert sans avoir jamais été examiné.	Ein präparierter Download oder Anhang könnte geöffnet werden, ohne je geprüft worden zu sein.	Um download ou anexo armadilhado poderia ser aberto sem nunca ser verificado.	Un download o un allegato trappola potrebbe essere aperto senza che nessuno lo controlli.
Downloads are checked first. Very large files may take a moment longer to open.	Las descargas se comprueban primero. Los archivos muy grandes pueden tardar un poco más en abrirse.	Les téléchargements sont vérifiés d'abord. Les fichiers très volumineux peuvent mettre un peu plus de temps à s'ouvrir.	Downloads werden zuerst geprüft. Sehr große Dateien brauchen beim Öffnen vielleicht einen Moment länger.	Os downloads são verificados primeiro. Arquivos muito grandes podem demorar um pouco mais para abrir.	I download vengono controllati prima. I file molto grandi possono impiegare un po' più a aprirsi.
Archive scanning looks inside zip and other compressed files for hidden harmful files.	El análisis de archivos comprimidos busca archivos dañinos ocultos dentro de zip y otros formatos comprimidos.	L'analyse des archives cherche des fichiers dangereux cachés dans les zip et autres fichiers compressés.	Die Archivprüfung sucht in Zip- und anderen komprimierten Dateien nach versteckten schädlichen Dateien.	A análise de arquivos compactados procura arquivos nocivos escondidos dentro de zip e outros formatos compactados.	La scansione degli archivi cerca file dannosi nascosti dentro zip e altri file compressi.
Malware tucked inside a zip file could slip through and start once you unpack it.	Un malware escondido dentro de un zip podría pasar sin ser detectado y activarse al descomprimirlo.	Un logiciel malveillant caché dans un zip pourrait passer et démarrer dès que vous l'extrayez.	Schadsoftware in einer Zip-Datei könnte durchrutschen und starten, sobald du sie entpackst.	Um malware escondido dentro de um zip poderia passar e iniciar quando você o extrai.	Un malware nascosto in un file zip potrebbe passare inosservato e partire quando lo estrai.
Zip files get checked when scanned. Very large archives can make a scan take a little longer.	Los zip se revisan al analizar. Los archivos muy grandes pueden hacer que el análisis tarde un poco más.	Les zip sont vérifiés lors des analyses. Les très grosses archives peuvent allonger un peu l'analyse.	Zip-Dateien werden beim Scan geprüft. Sehr große Archive können den Scan etwas verlängern.	Os arquivos zip são verificados nas análises. Arquivos muito grandes podem deixar a análise um pouco mais longa.	Gli zip vengono controllati durante la scansione. Archivi molto grandi possono allungarla un po'.
The firewall is a gatekeeper that decides which connections can reach your PC on a work network.	El cortafuegos es un guardián que decide qué conexiones pueden llegar a tu PC en una red de trabajo.	Le pare-feu est un gardien qui décide quelles connexions peuvent atteindre votre PC sur un réseau professionnel.	Die Firewall ist ein Türsteher, der entscheidet, welche Verbindungen deinen PC in einem Arbeitsnetzwerk erreichen.	O firewall é um porteiro que decide quais conexões podem chegar ao seu PC em uma rede de trabalho.	Il firewall è un guardiano che decide quali connessioni possono raggiungere il tuo PC in una rete di lavoro.
Other computers on a work network could try to reach your PC, and nothing would stand in their way.	Otros equipos de una red de trabajo podrían intentar llegar a tu PC y nada se lo impediría.	D'autres ordinateurs du réseau professionnel pourraient tenter d'atteindre votre PC, sans rien pour les arrêter.	Andere Computer im Arbeitsnetzwerk könnten versuchen, deinen PC zu erreichen, und nichts würde sie aufhalten.	Outros computadores de uma rede de trabalho poderiam tentar chegar ao seu PC e nada os impediria.	Altri computer di una rete di lavoro potrebbero provare a raggiungere il tuo PC senza trovare ostacoli.
Nothing you'll notice. A few apps may ask for your permission the first time they use the network.	No notarás nada. Algunas apps pueden pedirte permiso la primera vez que usen la red.	Vous ne verrez rien. Quelques applis peuvent demander votre accord la première fois qu'elles utilisent le réseau.	Du merkst nichts. Einige Apps fragen beim ersten Netzwerkzugriff vielleicht nach deiner Erlaubnis.	Você não vai notar nada. Alguns apps podem pedir sua permissão na primeira vez que usarem a rede.	Non noterai nulla. Alcune app possono chiedere il tuo permesso la prima volta che usano la rete.
The firewall is a gatekeeper that decides which connections can reach your PC on your home network.	El cortafuegos es un guardián que decide qué conexiones pueden llegar a tu PC en tu red doméstica.	Le pare-feu est un gardien qui décide quelles connexions peuvent atteindre votre PC sur votre réseau domestique.	Die Firewall ist ein Türsteher, der entscheidet, welche Verbindungen deinen PC im Heimnetzwerk erreichen.	O firewall é um porteiro que decide quais conexões podem chegar ao seu PC na rede doméstica.	Il firewall è un guardiano che decide quali connessioni possono raggiungere il tuo PC nella rete di casa.
Other devices at home, even an infected one, could reach your PC with nothing standing in the way.	Otros dispositivos de casa, incluso uno infectado, podrían llegar a tu PC sin que nada se lo impida.	D'autres appareils à la maison, même infecté, pourraient atteindre votre PC sans rien pour les arrêter.	Andere Geräte zu Hause, sogar ein infiziertes, könnten deinen PC erreichen, ohne dass etwas im Weg steht.	Outros dispositivos em casa, até um infectado, poderiam chegar ao seu PC sem nada no caminho.	Altri dispositivi di casa, anche uno infetto, potrebbero raggiungere il tuo PC senza ostacoli.
The firewall is a gatekeeper that decides which connections can reach your PC on public networks like cafes.	El cortafuegos es un guardián que decide qué conexiones pueden llegar a tu PC en redes públicas como las de cafeterías.	Le pare-feu est un gardien qui décide quelles connexions peuvent atteindre votre PC sur les réseaux publics, comme dans un café.	Die Firewall ist ein Türsteher, der entscheidet, welche Verbindungen deinen PC in öffentlichen Netzwerken wie im Café erreichen.	O firewall é um porteiro que decide quais conexões podem chegar ao seu PC em redes públicas, como as de cafés.	Il firewall è un guardiano che decide quali connessioni possono raggiungere il tuo PC nelle reti pubbliche, come quelle dei bar.
Anyone on the same cafe Wi-Fi could try to connect to your PC, and nothing would stop them.	Cualquiera en la misma Wi-Fi de una cafetería podría intentar conectarse a tu PC y nada lo detendría.	Toute personne sur le même Wi-Fi de café pourrait tenter de se connecter à votre PC, sans rien pour l'arrêter.	Jeder im selben Café-WLAN könnte versuchen, sich mit deinem PC zu verbinden, und nichts würde ihn stoppen.	Qualquer pessoa na mesma Wi-Fi de um café poderia tentar se conectar ao seu PC e nada a impediria.	Chiunque sia sulla stessa Wi-Fi di un bar potrebbe provare a collegarsi al tuo PC e nulla lo fermerebbe.
This blocks connections that nobody on your PC asked for from reaching it.	Esto bloquea las conexiones que nadie en tu PC ha pedido para que no lleguen a él.	Cela empêche les connexions que personne n'a demandées d'atteindre votre PC.	Das hält Verbindungen fern, die niemand an deinem PC angefordert hat.	Isso impede que cheguem ao PC conexões que ninguém pediu.	Questo impedisce alle connessioni che nessuno ha richiesto di raggiungere il tuo PC.
Uninvited connections could reach your PC on a work network and look for weak spots.	Conexiones no invitadas podrían llegar a tu PC en una red de trabajo y buscar puntos débiles.	Des connexions non sollicitées pourraient atteindre votre PC sur un réseau professionnel et chercher des failles.	Ungebetene Verbindungen könnten deinen PC im Arbeitsnetzwerk erreichen und nach Schwachstellen suchen.	Conexões não convidadas poderiam chegar ao seu PC em uma rede de trabalho e procurar pontos fracos.	Connessioni non richieste potrebbero raggiungere il tuo PC in una rete di lavoro e cercare punti deboli.
Apps you use, like your browser and email, keep working. Hosting a game or sharing files from this PC may need a new allow.	Las apps que usas, como el navegador y el correo, siguen funcionando. Alojar un juego o compartir archivos desde este PC puede requerir un nuevo permiso.	Les applis que vous utilisez, comme le navigateur et la messagerie, continuent de fonctionner. Héberger un jeu ou partager des fichiers peut nécessiter une nouvelle autorisation.	Apps wie Browser und E-Mail funktionieren weiter. Ein Spiel hosten oder Dateien teilen braucht eventuell eine neue Freigabe.	Os apps que você usa, como navegador e e-mail, continuam funcionando. Hospedar um jogo ou compartilhar arquivos neste PC pode precisar de uma nova permissão.	Le app che usi, come browser e posta, continuano a funzionare. Ospitare un gioco o condividere file da questo PC può richiedere un nuovo permesso.
Uninvited connections could reach your PC on your home network and look for weak spots.	Conexiones no invitadas podrían llegar a tu PC en tu red doméstica y buscar puntos débiles.	Des connexions non sollicitées pourraient atteindre votre PC sur votre réseau domestique et chercher des failles.	Ungebetene Verbindungen könnten deinen PC im Heimnetzwerk erreichen und nach Schwachstellen suchen.	Conexões não convidadas poderiam chegar ao seu PC na rede doméstica e procurar pontos fracos.	Connessioni non richieste potrebbero raggiungere il tuo PC nella rete di casa e cercare punti deboli.
On public Wi-Fi, strangers could knock on your PC's doors and look for weak spots.	En una Wi-Fi pública, desconocidos podrían llamar a las puertas de tu PC y buscar puntos débiles.	Sur un Wi-Fi public, des inconnus pourraient frapper aux portes de votre PC et chercher des failles.	Im öffentlichen WLAN könnten Fremde an die Türen deines PCs klopfen und nach Schwachstellen suchen.	Em uma Wi-Fi pública, estranhos poderiam bater às portas do seu PC e procurar pontos fracos.	Su una Wi-Fi pubblica, degli sconosciuti potrebbero bussare alle porte del tuo PC e cercare punti deboli.
This is the question Windows asks before an app can make big changes to your PC.	Es la pregunta que Windows hace antes de que una app pueda hacer cambios importantes en tu PC.	C'est la question que Windows pose avant qu'une appli puisse apporter de grands changements à votre PC.	Das ist die Rückfrage von Windows, bevor eine App große Änderungen an deinem PC vornehmen darf.	É a pergunta que o Windows faz antes de um app poder fazer grandes alterações no seu PC.	È la domanda che Windows fa prima che un'app possa apportare grandi modifiche al tuo PC.
A harmful app could change important settings in the background without ever asking you.	Una app dañina podría cambiar ajustes importantes en segundo plano sin preguntarte nunca.	Une appli malveillante pourrait modifier des réglages importants en arrière-plan sans jamais vous demander.	Eine schädliche App könnte im Hintergrund wichtige Einstellungen ändern, ohne dich je zu fragen.	Um app nocivo poderia alterar configurações importantes em segundo plano sem nunca perguntar a você.	Un'app dannosa potrebbe cambiare impostazioni importanti in background senza mai chiedertelo.
You'll see a question before big changes. Restart your PC for it to take effect.	Verás una pregunta antes de los cambios importantes. Reinicia el PC para que surta efecto.	Vous verrez une question avant les grands changements. Redémarrez votre PC pour l'appliquer.	Vor großen Änderungen erscheint eine Rückfrage. Starte deinen PC neu, damit es wirkt.	Você verá uma pergunta antes de grandes alterações. Reinicie o PC para que tenha efeito.	Vedrai una domanda prima delle modifiche importanti. Riavvia il PC perché abbia effetto.
Administrator approval makes Windows ask you to confirm before an app makes big changes.	La aprobación del administrador hace que Windows te pida confirmar antes de que una app haga cambios importantes.	L'approbation de l'administrateur fait que Windows vous demande confirmation avant qu'une appli ne fasse de grands changements.	Die Administratorbestätigung sorgt dafür, dass Windows dich fragt, bevor eine App große Änderungen macht.	A aprovação do administrador faz o Windows pedir sua confirmação antes de um app fazer grandes alterações.	L'approvazione dell'amministratore fa sì che Windows ti chieda conferma prima che un'app faccia grandi modifiche.
An app could change important parts of Windows without asking you first.	Una app podría cambiar partes importantes de Windows sin preguntarte antes.	Une appli pourrait modifier des parties importantes de Windows sans vous demander d'abord.	Eine App könnte wichtige Teile von Windows ändern, ohne dich vorher zu fragen.	Um app poderia alterar partes importantes do Windows sem perguntar a você primeiro.	Un'app potrebbe modificare parti importanti di Windows senza chiedertelo prima.
You'll be asked to say yes before big changes. It takes one click.	Se te pedirá que digas que sí antes de los cambios importantes. Solo hace falta un clic.	On vous demandera de dire oui avant les grands changements. Cela prend un clic.	Vor großen Änderungen musst du zustimmen. Das ist ein Klick.	Você será solicitado a dizer sim antes de grandes alterações. Basta um clique.	Ti verrà chiesto di dire sì prima delle modifiche importanti. Basta un clic.
A setting that lets any app installer run with full control of your PC.	Un ajuste que permite que cualquier instalador de apps se ejecute con control total de tu PC.	Un réglage qui permet à n'importe quel installateur de s'exécuter avec le contrôle total de votre PC.	Eine Einstellung, mit der jedes App-Installationsprogramm mit voller Kontrolle über deinen PC laufen darf.	Uma configuração que permite que qualquer instalador de apps rode com controle total do seu PC.	Un'impostazione che permette a qualsiasi programma di installazione di avere il controllo totale del tuo PC.
A harmful installer could take over your whole PC, even if you never gave it permission.	Un instalador dañino podría tomar el control de todo tu PC aunque nunca le hayas dado permiso.	Un installateur malveillant pourrait prendre le contrôle de tout votre PC, même sans votre autorisation.	Ein schädliches Installationsprogramm könnte deinen ganzen PC übernehmen, auch ohne deine Erlaubnis.	Um instalador nocivo poderia assumir todo o seu PC, mesmo sem sua permissão.	Un programma di installazione dannoso potrebbe prendere il controllo di tutto il PC, anche senza il tuo permesso.
Nothing you'll notice. Normal installs still work and still ask for approval.	No notarás nada. Las instalaciones normales siguen funcionando y siguen pidiendo aprobación.	Vous ne verrez rien. Les installations normales fonctionnent toujours et demandent toujours votre accord.	Du merkst nichts. Normale Installationen funktionieren weiter und fragen weiter nach Zustimmung.	Você não vai notar nada. As instalações normais continuam funcionando e pedindo aprovação.	Non noterai nulla. Le installazioni normali funzionano ancora e chiedono ancora l'approvazione.
A setting that decides whether strangers on the network can list the account names on your PC.	Un ajuste que decide si desconocidos de la red pueden ver la lista de nombres de cuentas de tu PC.	Un réglage qui décide si des inconnus du réseau peuvent lister les noms de comptes de votre PC.	Eine Einstellung, die festlegt, ob Fremde im Netzwerk die Kontonamen auf deinem PC auflisten dürfen.	Uma configuração que decide se estranhos na rede podem listar os nomes das contas do seu PC.	Un'impostazione che decide se sconosciuti in rete possono elencare i nomi degli account del tuo PC.
Someone on your network could see your account names and use them to guess passwords.	Alguien en tu red podría ver los nombres de tus cuentas y usarlos para adivinar contraseñas.	Quelqu'un sur votre réseau pourrait voir vos noms de comptes et s'en servir pour deviner des mots de passe.	Jemand in deinem Netzwerk könnte deine Kontonamen sehen und damit Passwörter erraten.	Alguém na sua rede poderia ver os nomes das suas contas e usá-los para adivinhar senhas.	Qualcuno nella tua rete potrebbe vedere i nomi dei tuoi account e usarli per indovinare le password.
Nothing you'll notice. Very old network devices may no longer find your accounts.	No notarás nada. Los dispositivos de red muy antiguos pueden dejar de encontrar tus cuentas.	Vous ne verrez rien. Les appareils réseau très anciens pourraient ne plus trouver vos comptes.	Du merkst nichts. Sehr alte Netzwerkgeräte finden deine Konten vielleicht nicht mehr.	Você não vai notar nada. Dispositivos de rede muito antigos podem deixar de encontrar suas contas.	Non noterai nulla. I dispositivi di rete molto vecchi potrebbero non trovare più i tuoi account.
A setting that stops accounts without a password from signing in over the network.	Un ajuste que impide que las cuentas sin contraseña inicien sesión por la red.	Un réglage qui empêche les comptes sans mot de passe de se connecter via le réseau.	Eine Einstellung, die verhindert, dass sich Konten ohne Passwort über das Netzwerk anmelden.	Uma configuração que impede contas sem senha de entrar pela rede.	Un'impostazione che impedisce agli account senza password di accedere tramite la rete.
Someone on your network could get in through an account that has no password.	Alguien en tu red podría entrar por una cuenta que no tiene contraseña.	Quelqu'un sur votre réseau pourrait entrer par un compte sans mot de passe.	Jemand in deinem Netzwerk könnte über ein Konto ohne Passwort hereinkommen.	Alguém na sua rede poderia entrar por uma conta sem senha.	Qualcuno nella tua rete potrebbe entrare da un account senza password.
You can still sign in at the keyboard. Signing in from another device to a no-password account stops working.	Puedes seguir iniciando sesión en el teclado. Entrar desde otro dispositivo en una cuenta sin contraseña deja de funcionar.	Vous pouvez toujours vous connecter au clavier. Se connecter depuis un autre appareil à un compte sans mot de passe ne marche plus.	Du kannst dich weiter direkt am PC anmelden. Die Anmeldung von einem anderen Gerät auf ein Konto ohne Passwort funktioniert nicht mehr.	Você ainda pode entrar no próprio teclado. Entrar de outro dispositivo em uma conta sem senha deixa de funcionar.	Puoi ancora accedere dalla tastiera. L'accesso da un altro dispositivo a un account senza password smette di funzionare.
An old Windows habit of keeping your password readable in memory while you are signed in.	Una vieja costumbre de Windows de guardar tu contraseña legible en memoria mientras tienes la sesión iniciada.	Une vieille habitude de Windows : garder votre mot de passe lisible en mémoire pendant que vous êtes connecté.	Eine alte Windows-Gewohnheit, dein Passwort lesbar im Speicher zu halten, solange du angemeldet bist.	Um velho hábito do Windows de manter sua senha legível na memória enquanto você está conectado.	Una vecchia abitudine di Windows: tenere la tua password leggibile in memoria mentre sei connesso.
A program that gets into your PC could read your password straight out of memory.	Un programa que entre en tu PC podría leer tu contraseña directamente de la memoria.	Un programme qui s'introduit dans votre PC pourrait lire votre mot de passe directement en mémoire.	Ein Programm, das in deinen PC gelangt, könnte dein Passwort direkt aus dem Speicher lesen.	Um programa que entre no seu PC poderia ler sua senha direto da memória.	Un programma che entra nel tuo PC potrebbe leggere la tua password direttamente dalla memoria.
Nothing you'll notice. Restart your PC to apply it. A few very old sign-in methods may ask for your password again.	No notarás nada. Reinicia el PC para aplicarlo. Algunos métodos de inicio de sesión muy antiguos pueden pedirte la contraseña de nuevo.	Vous ne verrez rien. Redémarrez votre PC pour l'appliquer. Quelques méthodes de connexion très anciennes peuvent redemander votre mot de passe.	Du merkst nichts. Starte den PC neu, damit es wirkt. Einige sehr alte Anmeldeverfahren fragen eventuell erneut nach deinem Passwort.	Você não vai notar nada. Reinicie o PC para aplicar. Alguns métodos de entrada muito antigos podem pedir sua senha de novo.	Non noterai nulla. Riavvia il PC per applicarlo. Alcuni metodi di accesso molto vecchi possono chiedere di nuovo la password.
The background service that downloads files for Windows updates has rules about who may change it.	El servicio en segundo plano que descarga archivos para las actualizaciones de Windows tiene reglas sobre quién puede modificarlo.	Le service en arrière-plan qui télécharge les fichiers des mises à jour Windows a des règles sur qui peut le modifier.	Der Hintergrunddienst, der Dateien für Windows-Updates lädt, hat Regeln dafür, wer ihn ändern darf.	O serviço em segundo plano que baixa arquivos das atualizações do Windows tem regras sobre quem pode alterá-lo.	Il servizio in background che scarica i file per gli aggiornamenti di Windows ha regole su chi può modificarlo.
A harmful program could tamper with how updates download and slip in a fake one.	Un programa dañino podría manipular cómo se descargan las actualizaciones y colar una falsa.	Un programme malveillant pourrait fausser le téléchargement des mises à jour et en glisser une fausse.	Ein schädliches Programm könnte das Laden von Updates manipulieren und ein gefälschtes einschleusen.	Um programa nocivo poderia adulterar o download das atualizações e inserir uma falsa.	Un programma dannoso potrebbe manomettere il download degli aggiornamenti e inserirne uno falso.
Nothing you'll notice. Updates download the same way as before.	No notarás nada. Las actualizaciones se descargan igual que antes.	Vous ne verrez rien. Les mises à jour se téléchargent comme avant.	Du merkst nichts. Updates werden wie bisher geladen.	Você não vai notar nada. As atualizações são baixadas como antes.	Non noterai nulla. Gli aggiornamenti si scaricano come prima.
The Windows Update service finds and installs updates, and it has rules about who may change it.	El servicio de Windows Update busca e instala actualizaciones y tiene reglas sobre quién puede modificarlo.	Le service Windows Update trouve et installe les mises à jour, et a des règles sur qui peut le modifier.	Der Windows-Update-Dienst findet und installiert Updates und hat Regeln dafür, wer ihn ändern darf.	O serviço Windows Update encontra e instala atualizações e tem regras sobre quem pode alterá-lo.	Il servizio Windows Update trova e installa gli aggiornamenti e ha regole su chi può modificarlo.
A harmful program could switch off or redirect updates so your PC never gets security fixes.	Un programa dañino podría desactivar o desviar las actualizaciones para que tu PC nunca reciba correcciones de seguridad.	Un programme malveillant pourrait désactiver ou détourner les mises à jour, et votre PC ne recevrait plus de correctifs.	Ein schädliches Programm könnte Updates abschalten oder umleiten, sodass dein PC nie Sicherheitskorrekturen bekommt.	Um programa nocivo poderia desligar ou desviar as atualizações, e seu PC nunca receberia correções de segurança.	Un programma dannoso potrebbe disattivare o deviare gli aggiornamenti e il tuo PC non riceverebbe mai correzioni di sicurezza.
Nothing you'll notice. Updates keep working the same way.	No notarás nada. Las actualizaciones siguen funcionando igual.	Vous ne verrez rien. Les mises à jour fonctionnent comme avant.	Du merkst nichts. Updates funktionieren wie bisher.	Você não vai notar nada. As atualizações continuam funcionando da mesma forma.	Non noterai nulla. Gli aggiornamenti continuano a funzionare come prima.
Cloud protection lets Windows Defender ask Microsoft about files it is not sure about.	La protección en la nube permite que Windows Defender consulte a Microsoft sobre archivos de los que no está seguro.	La protection dans le cloud permet à Windows Defender d'interroger Microsoft sur les fichiers dont il n'est pas sûr.	Der Cloud-Schutz lässt Windows Defender bei Microsoft nachfragen, wenn er sich bei einer Datei nicht sicher ist.	A proteção na nuvem permite que o Windows Defender consulte a Microsoft sobre arquivos de que não tem certeza.	La protezione cloud permette a Windows Defender di chiedere a Microsoft informazioni sui file di cui non è sicuro.
A brand-new threat that only Microsoft's online checks can recognize could get through.	Una amenaza totalmente nueva que solo las comprobaciones en línea de Microsoft pueden reconocer podría pasar.	Une menace toute nouvelle que seules les vérifications en ligne de Microsoft reconnaissent pourrait passer.	Eine brandneue Bedrohung, die nur die Online-Prüfungen von Microsoft erkennen, könnte durchrutschen.	Uma ameaça novíssima, que só as verificações online da Microsoft reconhecem, poderia passar.	Una minaccia nuovissima che solo i controlli online di Microsoft riconoscono potrebbe passare.
Details about suspicious files are sent to Microsoft. Nothing else changes, and you can undo it.	Se envían a Microsoft detalles sobre los archivos sospechosos. Nada más cambia y puedes deshacerlo.	Des informations sur les fichiers suspects sont envoyées à Microsoft. Rien d'autre ne change, et vous pouvez annuler.	Angaben zu verdächtigen Dateien werden an Microsoft gesendet. Sonst ändert sich nichts, und du kannst es rückgängig machen.	Detalhes sobre arquivos suspeitos são enviados à Microsoft. Nada mais muda, e você pode desfazer.	I dettagli sui file sospetti vengono inviati a Microsoft. Nient'altro cambia e puoi annullare.
Unwanted-app blocking stops junk like adware and extras that come bundled with free downloads.	El bloqueo de apps no deseadas detiene la basura, como el adware y los extras que vienen con descargas gratuitas.	Le blocage des applis indésirables arrête les intrus comme les logiciels publicitaires et les extras livrés avec les téléchargements gratuits.	Das Blockieren unerwünschter Apps hält Ballast wie Werbesoftware und Zusatzprogramme aus kostenlosen Downloads fern.	O bloqueio de apps indesejados barra lixo como adware e extras que vêm junto com downloads gratuitos.	Il blocco delle app indesiderate ferma la spazzatura come l'adware e gli extra inclusi nei download gratuiti.
A free download could install toolbars, pop-ups or ad programs that you never asked for.	Una descarga gratuita podría instalar barras de herramientas, ventanas emergentes o programas de publicidad que nunca pediste.	Un téléchargement gratuit pourrait installer des barres d'outils, des fenêtres publicitaires ou des programmes que vous n'avez jamais demandés.	Ein kostenloser Download könnte Symbolleisten, Pop-ups oder Werbeprogramme installieren, die du nie wolltest.	Um download gratuito poderia instalar barras de ferramentas, pop-ups ou programas de anúncios que você nunca pediu.	Un download gratuito potrebbe installare barre degli strumenti, pop-up o programmi pubblicitari che non hai mai chiesto.
Junk apps get blocked. Rarely, a free tool you want may be blocked, and you'll see a notice.	Las apps no deseadas se bloquean. En raras ocasiones puede bloquearse una herramienta gratuita que sí quieres, y verás un aviso.	Les applis indésirables sont bloquées. Rarement, un outil gratuit que vous voulez peut l'être aussi, et un avis s'affiche.	Unerwünschte Apps werden blockiert. Selten wird auch ein Gratis-Tool blockiert, das du willst, und du siehst einen Hinweis.	Apps indesejados são bloqueados. Raramente, uma ferramenta gratuita que você quer pode ser bloqueada, e você verá um aviso.	Le app indesiderate vengono bloccate. Raramente può essere bloccato uno strumento gratuito che vuoi, e vedrai un avviso.
Script scanning and network inspection check scripts and network traffic for known attacks.	El análisis de scripts y la inspección de red revisan los scripts y el tráfico de red en busca de ataques conocidos.	L'analyse des scripts et l'inspection du réseau vérifient les scripts et le trafic réseau à la recherche d'attaques connues.	Skript-Prüfung und Netzwerkinspektion untersuchen Skripte und Netzwerkverkehr auf bekannte Angriffe.	A análise de scripts e a inspeção de rede verificam scripts e tráfego de rede em busca de ataques conhecidos.	La scansione degli script e l'ispezione di rete controllano script e traffico di rete alla ricerca di attacchi noti.
A harmful script or a known network attack could reach your PC without being looked at.	Un script dañino o un ataque de red conocido podría llegar a tu PC sin que nadie lo revise.	Un script malveillant ou une attaque réseau connue pourrait atteindre votre PC sans être examiné.	Ein schädliches Skript oder ein bekannter Netzwerkangriff könnte deinen PC erreichen, ohne geprüft zu werden.	Um script nocivo ou um ataque de rede conhecido poderia chegar ao seu PC sem ser verificado.	Uno script dannoso o un attacco di rete noto potrebbe raggiungere il tuo PC senza essere controllato.
Nothing you'll notice. It works quietly in the background.	No notarás nada. Funciona en silencio en segundo plano.	Vous ne verrez rien. Cela travaille discrètement en arrière-plan.	Du merkst nichts. Es arbeitet leise im Hintergrund.	Você não vai notar nada. Funciona discretamente em segundo plano.	Non noterai nulla. Lavora in silenzio in background.
Extra Windows Defender shields block tricks attackers use to steal passwords or hide inside Windows.	Los escudos adicionales de Windows Defender bloquean trucos que usan los atacantes para robar contraseñas u ocultarse en Windows.	Les protections supplémentaires de Windows Defender bloquent les astuces des pirates pour voler des mots de passe ou se cacher dans Windows.	Zusätzliche Schutzschilde von Windows Defender blockieren Tricks, mit denen Angreifer Passwörter stehlen oder sich in Windows verstecken.	Escudos extras do Windows Defender bloqueiam truques que invasores usam para roubar senhas ou se esconder no Windows.	Scudi extra di Windows Defender bloccano i trucchi usati dagli aggressori per rubare password o nascondersi in Windows.
A program could steal your sign-in details or hide inside Windows with no shield in the way.	Un programa podría robar tus datos de inicio de sesión u ocultarse en Windows sin ningún escudo que lo frene.	Un programme pourrait voler vos identifiants ou se cacher dans Windows sans aucune protection pour l'arrêter.	Ein Programm könnte deine Anmeldedaten stehlen oder sich in Windows verstecken, ohne dass ein Schild im Weg steht.	Um programa poderia roubar seus dados de login ou se esconder no Windows sem nenhum escudo no caminho.	Un programma potrebbe rubare i tuoi dati di accesso o nascondersi in Windows senza alcuno scudo a fermarlo.
Mostly nothing you'll notice. A few rarely used tools may get blocked, and you'll see a notice.	Casi nada que notes. Alguna herramienta poco habitual puede bloquearse y verás un aviso.	Presque rien ne se verra. Quelques outils rarement utilisés peuvent être bloqués, avec un avis à l'écran.	Meist merkst du nichts. Einige selten genutzte Tools werden eventuell blockiert, und du siehst einen Hinweis.	Quase nada que você note. Algumas ferramentas pouco usadas podem ser bloqueadas, e você verá um aviso.	Per lo più non noterai nulla. Alcuni strumenti poco usati possono essere bloccati e vedrai un avviso.
These shields check scripts and email attachments before they are allowed to start programs.	Estos escudos revisan los scripts y los adjuntos de correo antes de dejarles iniciar programas.	Ces protections vérifient les scripts et les pièces jointes avant de les laisser lancer des programmes.	Diese Schutzschilde prüfen Skripte und E-Mail-Anhänge, bevor sie Programme starten dürfen.	Esses escudos verificam scripts e anexos de e-mail antes de deixá-los iniciar programas.	Questi scudi controllano script e allegati email prima di lasciarli avviare programmi.
Opening a booby-trapped email attachment or script could quietly start a harmful program.	Abrir un adjunto de correo o un script con trampa podría iniciar en silencio un programa dañino.	Ouvrir une pièce jointe ou un script piégé pourrait lancer discrètement un programme malveillant.	Das Öffnen eines präparierten Anhangs oder Skripts könnte unbemerkt ein schädliches Programm starten.	Abrir um anexo ou script armadilhado poderia iniciar em silêncio um programa nocivo.	Aprire un allegato o uno script trappola potrebbe avviare in silenzio un programma dannoso.
Windows asks before a script or attachment starts a program. You can allow each one when you trust it.	Windows pregunta antes de que un script o un adjunto inicie un programa. Puedes permitir cada uno si confías en él.	Windows demande avant qu'un script ou une pièce jointe lance un programme. Vous pouvez autoriser chacun si vous lui faites confiance.	Windows fragt nach, bevor ein Skript oder Anhang ein Programm startet. Du kannst jedes einzeln erlauben, wenn du ihm vertraust.	O Windows pergunta antes de um script ou anexo iniciar um programa. Você pode permitir cada um se confiar nele.	Windows chiede prima che uno script o un allegato avvii un programma. Puoi consentirli uno per uno se ti fidi.
This protects the part of Windows that handles your sign-in details so other programs cannot read it.	Protege la parte de Windows que maneja tus datos de inicio de sesión para que otros programas no puedan leerla.	Cela protège la partie de Windows qui gère vos identifiants pour que d'autres programmes ne puissent pas la lire.	Das schützt den Teil von Windows, der deine Anmeldedaten verwaltet, damit andere Programme ihn nicht auslesen können.	Protege a parte do Windows que cuida dos seus dados de login para que outros programas não possam lê-la.	Protegge la parte di Windows che gestisce i tuoi dati di accesso, così altri programmi non possono leggerla.
A password-stealing program could read your sign-in details right out of Windows.	Un programa que roba contraseñas podría leer tus datos de inicio de sesión directamente de Windows.	Un programme voleur de mots de passe pourrait lire vos identifiants directement dans Windows.	Ein Passwort-Dieb könnte deine Anmeldedaten direkt aus Windows auslesen.	Um programa ladrão de senhas poderia ler seus dados de login direto do Windows.	Un programma che ruba le password potrebbe leggere i tuoi dati di accesso direttamente da Windows.
Nothing you'll notice after a restart. A few old security add-ons may stop working.	No notarás nada tras reiniciar. Algunos complementos de seguridad antiguos pueden dejar de funcionar.	Vous ne verrez rien après un redémarrage. Quelques anciens modules de sécurité peuvent cesser de fonctionner.	Nach einem Neustart merkst du nichts. Einige alte Sicherheits-Zusatzprogramme funktionieren eventuell nicht mehr.	Você não vai notar nada após reiniciar. Alguns complementos de segurança antigos podem parar de funcionar.	Non noterai nulla dopo il riavvio. Alcuni vecchi componenti di sicurezza potrebbero smettere di funzionare.
File sharing and discovery let other devices see your PC and your shared folders on a network.	Compartir archivos y la detección permiten que otros dispositivos vean tu PC y tus carpetas compartidas en una red.	Le partage de fichiers et la découverte permettent à d'autres appareils de voir votre PC et vos dossiers partagés sur un réseau.	Dateifreigabe und Netzwerkerkennung lassen andere Geräte deinen PC und deine freigegebenen Ordner im Netzwerk sehen.	O compartilhamento de arquivos e a descoberta permitem que outros dispositivos vejam seu PC e suas pastas compartilhadas em uma rede.	La condivisione file e il rilevamento permettono ad altri dispositivi di vedere il tuo PC e le tue cartelle condivise in rete.
Someone on cafe Wi-Fi could see your PC and try to open your shared files.	Alguien en la Wi-Fi de una cafetería podría ver tu PC e intentar abrir tus archivos compartidos.	Quelqu'un sur le Wi-Fi d'un café pourrait voir votre PC et tenter d'ouvrir vos fichiers partagés.	Jemand im Café-WLAN könnte deinen PC sehen und versuchen, deine freigegebenen Dateien zu öffnen.	Alguém na Wi-Fi de um café poderia ver seu PC e tentar abrir seus arquivos compartilhados.	Qualcuno sulla Wi-Fi di un bar potrebbe vedere il tuo PC e provare ad aprire i tuoi file condivisi.
Your PC is hidden on public networks. Sharing at home and at work keeps working.	Tu PC queda oculto en redes públicas. Compartir en casa y en el trabajo sigue funcionando.	Votre PC est masqué sur les réseaux publics. Le partage à la maison et au travail continue de fonctionner.	Dein PC ist in öffentlichen Netzwerken unsichtbar. Das Teilen zu Hause und bei der Arbeit funktioniert weiter.	Seu PC fica oculto em redes públicas. O compartilhamento em casa e no trabalho continua funcionando.	Il tuo PC resta nascosto sulle reti pubbliche. La condivisione a casa e al lavoro continua a funzionare.
This setting decides whether Windows installs printer software from a shared printer without asking.	Este ajuste decide si Windows instala el software de una impresora compartida sin preguntar.	Ce réglage décide si Windows installe sans demander le logiciel d'une imprimante partagée.	Diese Einstellung legt fest, ob Windows Druckersoftware von einem freigegebenen Drucker ohne Nachfrage installiert.	Esta configuração decide se o Windows instala o software de uma impressora compartilhada sem perguntar.	Questa impostazione decide se Windows installa il software di una stampante condivisa senza chiedere.
A fake printer could trick your PC into installing harmful software with full control.	Una impresora falsa podría engañar a tu PC para que instale software dañino con control total.	Une fausse imprimante pourrait pousser votre PC à installer un logiciel malveillant avec tous les droits.	Ein gefälschter Drucker könnte deinen PC dazu bringen, schädliche Software mit voller Kontrolle zu installieren.	Uma impressora falsa poderia enganar seu PC para instalar software nocivo com controle total.	Una stampante falsa potrebbe indurre il tuo PC a installare software dannoso con pieno controllo.
Windows goes back to its safe default and asks first. Connecting to a shared printer may ask for approval.	Windows vuelve a su valor seguro y pregunta antes. Conectar a una impresora compartida puede pedir aprobación.	Windows revient à son réglage sûr et demande d'abord. Se connecter à une imprimante partagée peut demander une approbation.	Windows kehrt zur sicheren Standardeinstellung zurück und fragt vorher nach. Beim Verbinden mit einem Netzwerkdrucker kann eine Bestätigung nötig sein.	O Windows volta ao padrão seguro e pergunta antes. Conectar a uma impressora compartilhada pode pedir aprovação.	Windows torna all'impostazione sicura e chiede prima. Collegarsi a una stampante condivisa può richiedere un'approvazione.
A fallback way for your PC to find other devices by name when the usual lookup fails.	Una forma de respaldo para que tu PC encuentre otros dispositivos por nombre cuando falla la búsqueda habitual.	Un moyen de secours pour que votre PC trouve d'autres appareils par leur nom quand la recherche habituelle échoue.	Ein Ersatzweg, damit dein PC andere Geräte über ihren Namen findet, wenn die übliche Suche fehlschlägt.	Um meio de reserva para o seu PC encontrar outros dispositivos pelo nome quando a busca habitual falha.	Un metodo di riserva con cui il tuo PC trova altri dispositivi per nome quando la ricerca abituale fallisce.
Someone on the same cafe Wi-Fi could pretend to be a printer or server and trick your PC into sending its sign-in details.	Alguien en la misma Wi-Fi de una cafetería podría hacerse pasar por una impresora o un servidor y engañar a tu PC para que envíe sus datos de inicio de sesión.	Quelqu'un sur le même Wi-Fi de café pourrait se faire passer pour une imprimante ou un serveur et pousser votre PC à envoyer ses identifiants.	Jemand im selben Café-WLAN könnte sich als Drucker oder Server ausgeben und deinen PC dazu bringen, seine Anmeldedaten zu senden.	Alguém na mesma Wi-Fi de um café poderia se passar por uma impressora ou servidor e enganar seu PC para enviar seus dados de login.	Qualcuno sulla stessa Wi-Fi di un bar potrebbe fingersi una stampante o un server e indurre il tuo PC a inviare i suoi dati di accesso.
Nothing you'll notice. Restart your PC to apply it. Very old devices may no longer be found by name.	No notarás nada. Reinicia el PC para aplicarlo. Los dispositivos muy antiguos pueden dejar de encontrarse por nombre.	Vous ne verrez rien. Redémarrez votre PC pour l'appliquer. Les appareils très anciens pourraient ne plus être trouvés par leur nom.	Du merkst nichts. Starte den PC neu, damit es wirkt. Sehr alte Geräte werden eventuell nicht mehr über den Namen gefunden.	Você não vai notar nada. Reinicie o PC para aplicar. Dispositivos muito antigos podem deixar de ser encontrados pelo nome.	Non noterai nulla. Riavvia il PC per applicarlo. I dispositivi molto vecchi potrebbero non essere più trovati per nome.
Lockout blocks an account for a while after too many wrong passwords.	El bloqueo de cuenta bloquea una cuenta durante un tiempo tras demasiadas contraseñas incorrectas.	Le verrouillage bloque un compte un moment après trop de mots de passe erronés.	Die Kontosperre sperrt ein Konto für eine Weile, nachdem zu oft ein falsches Passwort eingegeben wurde.	O bloqueio de conta trava uma conta por um tempo depois de senhas erradas demais.	Il blocco dell'account blocca un account per un po' dopo troppe password errate.
Someone could try thousands of passwords on your account without ever being slowed down.	Alguien podría probar miles de contraseñas en tu cuenta sin que nada lo frene.	Quelqu'un pourrait essayer des milliers de mots de passe sur votre compte sans jamais être ralenti.	Jemand könnte Tausende Passwörter an deinem Konto ausprobieren, ohne je ausgebremst zu werden.	Alguém poderia tentar milhares de senhas na sua conta sem nunca ser retardado.	Qualcuno potrebbe provare migliaia di password sul tuo account senza mai essere rallentato.
After 10 wrong passwords the account locks for a short while. If you mistype a lot, you may have to wait.	Tras 10 contraseñas incorrectas, la cuenta se bloquea un rato. Si te equivocas mucho al escribir, puede que tengas que esperar.	Après 10 mots de passe erronés, le compte se verrouille un moment. Si vous vous trompez souvent, il faudra patienter.	Nach 10 falschen Passwörtern wird das Konto kurz gesperrt. Wenn du dich oft vertippst, musst du eventuell warten.	Após 10 senhas erradas, a conta trava por um tempo. Se você erra muito ao digitar, pode ter de esperar.	Dopo 10 password errate l'account si blocca per un po'. Se sbagli spesso a digitare, potresti dover aspettare.
Auto-run lets USB sticks and discs start programs by themselves when you plug them in.	La ejecución automática permite que las memorias USB y los discos inicien programas por sí solos al conectarlos.	L'exécution automatique permet aux clés USB et aux disques de lancer des programmes tout seuls dès qu'on les branche.	Die Autostart-Funktion lässt USB-Sticks und Discs Programme von selbst starten, sobald du sie einsteckst.	A execução automática permite que pen drives e discos iniciem programas sozinhos quando você os conecta.	L'esecuzione automatica permette a chiavette USB e dischi di avviare programmi da soli quando li inserisci.
A USB stick found in a car park could start a harmful program the moment you plug it in.	Una memoria USB encontrada en un aparcamiento podría iniciar un programa dañino en cuanto la conectes.	Une clé USB trouvée sur un parking pourrait lancer un programme malveillant dès que vous la branchez.	Ein auf einem Parkplatz gefundener USB-Stick könnte ein schädliches Programm starten, sobald du ihn einsteckst.	Um pen drive achado em um estacionamento poderia iniciar um programa nocivo assim que você o conecta.	Una chiavetta USB trovata in un parcheggio potrebbe avviare un programma dannoso appena la inserisci.
Nothing starts by itself when you plug something in. You open files yourself. Sign out or restart to apply it.	Nada se inicia solo al conectar algo. Tú abres los archivos. Cierra sesión o reinicia para aplicarlo.	Rien ne démarre tout seul quand vous branchez quelque chose. Vous ouvrez les fichiers vous-même. Déconnectez-vous ou redémarrez.	Nichts startet von selbst, wenn du etwas einsteckst. Du öffnest Dateien selbst. Melde dich ab oder starte neu, damit es wirkt.	Nada inicia sozinho quando você conecta algo. Você abre os arquivos. Saia da conta ou reinicie para aplicar.	Niente parte da solo quando colleghi qualcosa. Apri i file tu. Esci o riavvia per applicarlo.
Some Wi-Fi networks saved on your PC join by themselves even though they are open or weakly protected.	Algunas redes Wi-Fi guardadas en tu PC se conectan solas aunque sean abiertas o estén poco protegidas.	Certains réseaux Wi-Fi enregistrés sur votre PC se connectent tout seuls alors qu'ils sont ouverts ou mal protégés.	Einige auf deinem PC gespeicherte WLAN-Netze verbinden sich von selbst, obwohl sie offen oder schwach geschützt sind.	Algumas redes Wi-Fi salvas no seu PC se conectam sozinhas, mesmo sendo abertas ou pouco protegidas.	Alcune reti Wi-Fi salvate sul tuo PC si collegano da sole anche se sono aperte o poco protette.
A fake hotspot with a familiar name could pull your PC in without asking and watch what you do.	Un punto de acceso falso con un nombre conocido podría atraer a tu PC sin preguntar y vigilar lo que haces.	Un faux point d'accès au nom familier pourrait attirer votre PC sans rien demander et observer ce que vous faites.	Ein gefälschter Hotspot mit bekanntem Namen könnte deinen PC ohne Nachfrage anlocken und beobachten, was du tust.	Um ponto de acesso falso com um nome familiar poderia atrair seu PC sem perguntar e observar o que você faz.	Un hotspot falso con un nome familiare potrebbe attirare il tuo PC senza chiedere e osservare ciò che fai.
Those networks stop joining on their own, so you tap to connect when you want them. Nothing is deleted.	Esas redes dejan de conectarse solas; las conectas tú cuando las quieras. No se borra nada.	Ces réseaux ne se connectent plus tout seuls : vous les choisissez quand vous les voulez. Rien n'est supprimé.	Diese Netze verbinden sich nicht mehr von selbst, du verbindest sie bei Bedarf selbst. Es wird nichts gelöscht.	Essas redes deixam de se conectar sozinhas, e você as conecta quando quiser. Nada é apagado.	Quelle reti non si collegano più da sole: le scegli tu quando servono. Non viene eliminato nulla.
A setting that stops strangers from listing the accounts and shared folders on your PC.	Un ajuste que impide que desconocidos vean la lista de cuentas y carpetas compartidas de tu PC.	Un réglage qui empêche des inconnus de lister les comptes et les dossiers partagés de votre PC.	Eine Einstellung, die verhindert, dass Fremde die Konten und freigegebenen Ordner deines PCs auflisten.	Uma configuração que impede estranhos de listar as contas e pastas compartilhadas do seu PC.	Un'impostazione che impedisce agli sconosciuti di elencare gli account e le cartelle condivise del tuo PC.
Someone on your network could see your account names and shares without signing in.	Alguien en tu red podría ver los nombres de tus cuentas y recursos compartidos sin iniciar sesión.	Quelqu'un sur votre réseau pourrait voir vos noms de comptes et vos partages sans se connecter.	Jemand in deinem Netzwerk könnte deine Kontonamen und Freigaben sehen, ohne sich anzumelden.	Alguém na sua rede poderia ver os nomes das suas contas e compartilhamentos sem entrar.	Qualcuno nella tua rete potrebbe vedere i nomi dei tuoi account e le condivisioni senza accedere.
Restart your PC to apply it. Very old devices may no longer list your shared folders.	Reinicia el PC para aplicarlo. Los dispositivos muy antiguos pueden dejar de ver tus carpetas compartidas.	Redémarrez votre PC pour l'appliquer. Les appareils très anciens pourraient ne plus voir vos dossiers partagés.	Starte den PC neu, damit es wirkt. Sehr alte Geräte zeigen deine freigegebenen Ordner eventuell nicht mehr an.	Reinicie o PC para aplicar. Dispositivos muito antigos podem deixar de listar suas pastas compartilhadas.	Riavvia il PC per applicarlo. I dispositivi molto vecchi potrebbero non elencare più le tue cartelle condivise.
Remote Assistance lets someone you invite take control of your PC to help you.	La Asistencia remota permite que alguien a quien invitas tome el control de tu PC para ayudarte.	L'Assistance à distance permet à une personne invitée de prendre le contrôle de votre PC pour vous aider.	Die Remoteunterstützung lässt eine eingeladene Person deinen PC übernehmen, um dir zu helfen.	A Assistência Remota permite que alguém que você convida assuma o controle do seu PC para ajudar.	L'Assistenza remota permette a una persona che inviti di prendere il controllo del tuo PC per aiutarti.
A scammer could talk you into sending a help invitation and then control your PC.	Un estafador podría convencerte de enviar una invitación de ayuda y luego controlar tu PC.	Un escroc pourrait vous convaincre d'envoyer une invitation d'aide, puis contrôler votre PC.	Ein Betrüger könnte dich überreden, eine Hilfe-Einladung zu schicken, und dann deinen PC steuern.	Um golpista poderia convencer você a enviar um convite de ajuda e depois controlar seu PC.	Un truffatore potrebbe convincerti a inviare un invito di aiuto e poi controllare il tuo PC.
Nobody can be invited to take over your PC this way. Quick Assist and other help tools are not affected.	Nadie podrá ser invitado a tomar el control de tu PC de esta forma. Quick Assist y otras herramientas de ayuda no se ven afectadas.	Personne ne peut être invité à prendre le contrôle de votre PC de cette façon. Quick Assist et les autres outils d'aide ne sont pas touchés.	Auf diesem Weg kann niemand mehr eingeladen werden, deinen PC zu übernehmen. Quick Assist und andere Hilfetools bleiben unberührt.	Ninguém pode ser convidado para assumir seu PC por esse meio. O Quick Assist e outras ferramentas de ajuda não são afetados.	Nessuno può essere invitato a prendere il controllo del tuo PC in questo modo. Quick Assist e altri strumenti di aiuto non cambiano.
Windows Script Host runs small script files, like .vbs and .js, when you double-click them.	Windows Script Host ejecuta archivos de script pequeños, como .vbs y .js, al hacer doble clic en ellos.	Windows Script Host exécute de petits fichiers de script, comme .vbs et .js, quand vous double-cliquez dessus.	Windows Script Host führt kleine Skriptdateien wie .vbs und .js aus, wenn du sie doppelt anklickst.	O Windows Script Host executa pequenos arquivos de script, como .vbs e .js, quando você clica duas vezes neles.	Windows Script Host esegue piccoli file di script, come .vbs e .js, quando fai doppio clic su di essi.
A harmful script file from an email or download could start with one double-click.	Un archivo de script dañino de un correo o una descarga podría iniciarse con un doble clic.	Un fichier de script malveillant reçu par e-mail ou téléchargé pourrait démarrer d'un double-clic.	Eine schädliche Skriptdatei aus einer E-Mail oder einem Download könnte mit einem Doppelklick starten.	Um arquivo de script nocivo de um e-mail ou download poderia iniciar com um clique duplo.	Un file di script dannoso da una email o da un download potrebbe partire con un doppio clic.
Script files no longer run when double-clicked. A few old tools or work scripts may stop working.	Los archivos de script ya no se ejecutan con doble clic. Algunas herramientas antiguas o scripts del trabajo pueden dejar de funcionar.	Les fichiers de script ne s'exécutent plus par double-clic. Quelques anciens outils ou scripts professionnels peuvent cesser de marcher.	Skriptdateien laufen per Doppelklick nicht mehr. Einige alte Tools oder Arbeitsskripte funktionieren eventuell nicht mehr.	Os arquivos de script não rodam mais com clique duplo. Algumas ferramentas antigas ou scripts de trabalho podem parar de funcionar.	I file di script non partono più con il doppio clic. Alcuni vecchi strumenti o script di lavoro potrebbero smettere di funzionare.
A setting on this PC is stopping Windows from installing updates by itself.	Un ajuste de este PC impide que Windows instale las actualizaciones por sí solo.	Un réglage de ce PC empêche Windows d'installer les mises à jour tout seul.	Eine Einstellung auf diesem PC verhindert, dass Windows Updates von selbst installiert.	Uma configuração deste PC impede o Windows de instalar atualizações sozinho.	Un'impostazione di questo PC impedisce a Windows di installare da solo gli aggiornamenti.
Security fixes would never arrive, leaving known holes open for attackers.	Las correcciones de seguridad nunca llegarían y los fallos conocidos seguirían abiertos para los atacantes.	Les correctifs de sécurité n'arriveraient jamais, laissant des failles connues ouvertes aux pirates.	Sicherheitskorrekturen würden nie ankommen, und bekannte Lücken blieben für Angreifer offen.	As correções de segurança nunca chegariam, deixando falhas conhecidas abertas para invasores.	Le correzioni di sicurezza non arriverebbero mai, lasciando aperte falle note agli aggressori.
Windows installs updates by itself again and asks you to restart when needed. The old setting can be put back.	Windows vuelve a instalar las actualizaciones por sí solo y te pide reiniciar cuando hace falta. El ajuste anterior se puede restaurar.	Windows réinstalle les mises à jour tout seul et vous demande de redémarrer si besoin. L'ancien réglage peut être rétabli.	Windows installiert Updates wieder von selbst und bittet bei Bedarf um einen Neustart. Die alte Einstellung lässt sich zurückholen.	O Windows volta a instalar atualizações sozinho e pede para reiniciar quando preciso. A configuração antiga pode ser restaurada.	Windows installa di nuovo gli aggiornamenti da solo e ti chiede di riavviare quando serve. L'impostazione precedente si può ripristinare.
This decides which old sign-in methods your PC accepts when it talks to other devices.	Decide qué métodos antiguos de inicio de sesión acepta tu PC cuando habla con otros dispositivos.	Cela décide quelles anciennes méthodes de connexion votre PC accepte quand il communique avec d'autres appareils.	Das legt fest, welche alten Anmeldeverfahren dein PC im Austausch mit anderen Geräten akzeptiert.	Isso decide quais métodos antigos de login seu PC aceita ao conversar com outros dispositivos.	Decide quali vecchi metodi di accesso accetta il tuo PC quando comunica con altri dispositivi.
Old sign-in methods can be cracked quickly by someone on your network.	Los métodos antiguos de inicio de sesión pueden ser descifrados rápidamente por alguien en tu red.	Les anciennes méthodes de connexion peuvent être cassées rapidement par quelqu'un sur votre réseau.	Alte Anmeldeverfahren lassen sich von jemandem in deinem Netzwerk schnell knacken.	Métodos antigos de login podem ser quebrados rapidamente por alguém na sua rede.	I vecchi metodi di accesso possono essere violati rapidamente da qualcuno nella tua rete.
Restart your PC to apply it. Old network drives or scanners may stop signing in.	Reinicia el PC para aplicarlo. Las unidades de red o escáneres antiguos pueden dejar de iniciar sesión.	Redémarrez votre PC pour l'appliquer. Les anciens disques réseau ou scanners pourraient ne plus se connecter.	Starte den PC neu, damit es wirkt. Alte Netzlaufwerke oder Scanner melden sich eventuell nicht mehr an.	Reinicie o PC para aplicar. Unidades de rede ou scanners antigos podem deixar de entrar.	Riavvia il PC per applicarlo. Vecchie unità di rete o scanner potrebbero non riuscire più ad accedere.
Windows has a hidden Administrator account with full power that most people never use.	Windows tiene una cuenta oculta de Administrador con todos los poderes que casi nadie usa.	Windows a un compte Administrateur caché, tout-puissant, que la plupart des gens n'utilisent jamais.	Windows hat ein verstecktes Administratorkonto mit voller Macht, das die meisten nie nutzen.	O Windows tem uma conta de Administrador oculta, com poder total, que quase ninguém usa.	Windows ha un account Amministratore nascosto, con pieno potere, che la maggior parte delle persone non usa mai.
Attackers know this account exists and keep trying to guess its password.	Los atacantes saben que esta cuenta existe y siguen intentando adivinar su contraseña.	Les pirates savent que ce compte existe et essaient sans cesse de deviner son mot de passe.	Angreifer wissen, dass dieses Konto existiert, und versuchen immer wieder, sein Passwort zu erraten.	Invasores sabem que essa conta existe e tentam adivinhar a senha dela o tempo todo.	Gli aggressori sanno che questo account esiste e continuano a provare a indovinarne la password.
The account is switched off, not deleted, and your own account stays as it is. You can switch it back on.	La cuenta se desactiva, no se borra, y tu propia cuenta sigue igual. Puedes volver a activarla.	Le compte est désactivé, pas supprimé, et votre propre compte reste inchangé. Vous pouvez le réactiver.	Das Konto wird ausgeschaltet, nicht gelöscht, und dein eigenes Konto bleibt unverändert. Du kannst es wieder einschalten.	A conta é desativada, não apagada, e a sua conta continua como está. Você pode reativá-la.	L'account viene disattivato, non eliminato, e il tuo account resta invariato. Puoi riattivarlo.
Windows can keep a timeline of what you open and do on this PC.	Windows puede guardar una cronología de lo que abres y haces en este PC.	Windows peut conserver une chronologie de ce que vous ouvrez et faites sur ce PC.	Windows kann eine Zeitleiste dessen führen, was du auf diesem PC öffnest und tust.	O Windows pode guardar uma linha do tempo do que você abre e faz neste PC.	Windows può conservare una cronologia di ciò che apri e fai su questo PC.
A record of your apps and files could be kept and shared with your Microsoft account.	Se podría guardar un registro de tus apps y archivos y compartirlo con tu cuenta de Microsoft.	Un historique de vos applis et fichiers pourrait être conservé et partagé avec votre compte Microsoft.	Ein Verlauf deiner Apps und Dateien könnte gespeichert und mit deinem Microsoft-Konto geteilt werden.	Um registro dos seus apps e arquivos poderia ser guardado e compartilhado com sua conta Microsoft.	Una registrazione delle tue app e dei tuoi file potrebbe essere conservata e condivisa con il tuo account Microsoft.
Windows stops collecting the timeline. You lose the suggestions to pick up where you left off.	Windows deja de recopilar la cronología. Pierdes las sugerencias para retomar lo que estabas haciendo.	Windows arrête de collecter la chronologie. Vous perdez les suggestions pour reprendre là où vous en étiez.	Windows sammelt die Zeitleiste nicht mehr. Die Vorschläge, dort weiterzumachen, wo du aufgehört hast, entfallen.	O Windows para de coletar a linha do tempo. Você perde as sugestões para continuar de onde parou.	Windows smette di raccogliere la cronologia. Perdi i suggerimenti per riprendere da dove avevi lasciato.
The advertising ID is a number that apps use to follow you from app to app for ads.	El identificador de publicidad es un número que usan las apps para seguirte de app en app con fines publicitarios.	L'identifiant publicitaire est un numéro que les applis utilisent pour vous suivre d'une appli à l'autre à des fins de publicité.	Die Werbe-ID ist eine Nummer, mit der Apps dich für Werbung von App zu App verfolgen.	O ID de publicidade é um número que os apps usam para seguir você de app em app para anúncios.	L'ID pubblicitario è un numero che le app usano per seguirti da un'app all'altra a scopo pubblicitario.
Apps can build a profile of your habits and show you ads based on it.	Las apps pueden crear un perfil de tus hábitos y mostrarte anuncios basados en él.	Les applis peuvent dresser un profil de vos habitudes et vous montrer des publicités en fonction.	Apps können ein Profil deiner Gewohnheiten erstellen und dir darauf basierende Werbung zeigen.	Os apps podem montar um perfil dos seus hábitos e mostrar anúncios com base nele.	Le app possono costruire un profilo delle tue abitudini e mostrarti pubblicità basata su di esso.
Apps can't use it to track you for ads. You still see ads, just less personal ones.	Las apps no pueden usarlo para rastrearte con fines publicitarios. Seguirás viendo anuncios, pero menos personalizados.	Les applis ne peuvent plus l'utiliser pour vous suivre. Vous verrez toujours des publicités, mais moins ciblées.	Apps können dich damit nicht mehr für Werbung verfolgen. Du siehst weiter Werbung, nur weniger persönliche.	Os apps não podem usá-lo para rastrear você. Você ainda verá anúncios, só que menos personalizados.	Le app non possono usarlo per tracciarti. Vedrai comunque pubblicità, ma meno personalizzata.
How long your version of Windows keeps getting security fixes from Microsoft.	Durante cuánto tiempo tu versión de Windows sigue recibiendo correcciones de seguridad de Microsoft.	Combien de temps votre version de Windows reçoit encore des correctifs de sécurité de Microsoft.	Wie lange deine Windows-Version noch Sicherheitskorrekturen von Microsoft bekommt.	Por quanto tempo sua versão do Windows continua recebendo correções de segurança da Microsoft.	Per quanto tempo la tua versione di Windows continua a ricevere correzioni di sicurezza da Microsoft.
Once support ends, new security holes stay open and attackers go after them.	Cuando termina el soporte, los nuevos fallos de seguridad quedan abiertos y los atacantes los aprovechan.	Quand le support s'arrête, les nouvelles failles restent ouvertes et les pirates s'en servent.	Wenn der Support endet, bleiben neue Sicherheitslücken offen, und Angreifer nutzen sie aus.	Quando o suporte termina, novas falhas de segurança ficam abertas e invasores as exploram.	Quando il supporto finisce, le nuove falle restano aperte e gli aggressori le sfruttano.
Open Windows Update and move to the newest version of Windows. Back up your files first.	Abre Windows Update y pasa a la versión más reciente de Windows. Haz antes una copia de tus archivos.	Ouvrez Windows Update et passez à la dernière version de Windows. Sauvegardez d'abord vos fichiers.	Öffne Windows Update und wechsle zur neuesten Windows-Version. Sichere vorher deine Dateien.	Abra o Windows Update e passe para a versão mais recente do Windows. Faça backup dos seus arquivos antes.	Apri Windows Update e passa alla versione più recente di Windows. Prima fai un backup dei tuoi file.
Drive encryption scrambles the files on your drive so only you can read them.	El cifrado de la unidad codifica los archivos de tu disco para que solo tú puedas leerlos.	Le chiffrement du disque brouille les fichiers de votre disque pour que vous seul puissiez les lire.	Die Laufwerksverschlüsselung verschlüsselt die Dateien auf deinem Laufwerk, sodass nur du sie lesen kannst.	A criptografia da unidade embaralha os arquivos do seu disco para que só você possa lê-los.	La crittografia dell'unità rende illeggibili i file sul tuo disco, così solo tu puoi leggerli.
If your PC is lost or stolen, a stranger could take the drive out and read all your files.	Si pierdes el PC o te lo roban, un desconocido podría sacar el disco y leer todos tus archivos.	Si votre PC est perdu ou volé, un inconnu pourrait en retirer le disque et lire tous vos fichiers.	Wenn dein PC verloren geht oder gestohlen wird, könnte ein Fremder das Laufwerk ausbauen und alle Dateien lesen.	Se seu PC for perdido ou roubado, um estranho poderia tirar o disco e ler todos os seus arquivos.	Se il PC viene perso o rubato, uno sconosciuto potrebbe estrarre il disco e leggere tutti i tuoi file.
Open encryption settings and turn it on. Save your recovery key somewhere safe before you start.	Abre los ajustes de cifrado y actívalo. Guarda tu clave de recuperación en un lugar seguro antes de empezar.	Ouvrez les paramètres de chiffrement et activez-le. Gardez d'abord votre clé de récupération en lieu sûr.	Öffne die Verschlüsselungseinstellungen und schalte sie ein. Bewahre vorher deinen Wiederherstellungsschlüssel sicher auf.	Abra as configurações de criptografia e ative. Guarde sua chave de recuperação em um lugar seguro antes de começar.	Apri le impostazioni di crittografia e attivala. Prima conserva la chiave di ripristino in un posto sicuro.
Secure Boot makes sure only trusted software starts when you switch on your PC.	Secure Boot garantiza que solo se inicie software de confianza al encender tu PC.	Secure Boot garantit que seuls des logiciels de confiance démarrent quand vous allumez votre PC.	Secure Boot stellt sicher, dass beim Einschalten deines PCs nur vertrauenswürdige Software startet.	O Secure Boot garante que só software confiável inicie quando você liga o PC.	Secure Boot garantisce che all'accensione del PC parta solo software affidabile.
Hidden malware could start before Windows does, where nothing can see it.	Un malware oculto podría iniciarse antes que Windows, donde nada puede verlo.	Un logiciel malveillant caché pourrait démarrer avant Windows, là où rien ne peut le voir.	Versteckte Schadsoftware könnte vor Windows starten, wo sie niemand sehen kann.	Um malware oculto poderia iniciar antes do Windows, onde nada consegue vê-lo.	Un malware nascosto potrebbe avviarsi prima di Windows, dove nulla riesce a vederlo.
This is set in your PC's start-up settings. Follow your PC maker's guide, since a wrong change can stop Windows starting.	Se configura en los ajustes de arranque de tu PC. Sigue la guía del fabricante, porque un cambio erróneo puede impedir que Windows arranque.	Cela se règle dans les paramètres de démarrage de votre PC. Suivez le guide du fabricant : une mauvaise modification peut empêcher Windows de démarrer.	Das wird in den Starteinstellungen deines PCs gesetzt. Folge der Anleitung des Herstellers, denn eine falsche Änderung kann den Windows-Start verhindern.	Isso é definido nas configurações de inicialização do PC. Siga o guia do fabricante, pois uma mudança errada pode impedir o Windows de iniciar.	Si imposta nelle impostazioni di avvio del PC. Segui la guida del produttore, perché una modifica sbagliata può impedire l'avvio di Windows.
Windows updates are the fixes Microsoft sends for security holes and bugs.	Las actualizaciones de Windows son las correcciones que Microsoft envía para fallos de seguridad y errores.	Les mises à jour de Windows sont les correctifs que Microsoft envoie pour les failles de sécurité et les bogues.	Windows-Updates sind die Korrekturen, die Microsoft für Sicherheitslücken und Fehler verschickt.	As atualizações do Windows são as correções que a Microsoft envia para falhas de segurança e bugs.	Gli aggiornamenti di Windows sono le correzioni che Microsoft invia per falle di sicurezza e bug.
Known holes stay open, and attackers use them against PCs that skipped the fix.	Los fallos conocidos siguen abiertos y los atacantes los usan contra los PC que no se actualizaron.	Les failles connues restent ouvertes et les pirates s'en servent contre les PC qui n'ont pas installé le correctif.	Bekannte Lücken bleiben offen, und Angreifer nutzen sie gegen PCs ohne die Korrektur.	Falhas conhecidas ficam abertas, e invasores as usam contra PCs que não instalaram a correção.	Le falle note restano aperte e gli aggressori le usano contro i PC che non hanno installato la correzione.
Open Windows Update and install anything waiting. Restart when it suits you.	Abre Windows Update e instala lo que esté pendiente. Reinicia cuando te venga bien.	Ouvrez Windows Update et installez tout ce qui attend. Redémarrez quand cela vous arrange.	Öffne Windows Update und installiere alles, was bereitsteht. Starte neu, wenn es dir passt.	Abra o Windows Update e instale o que estiver pendente. Reinicie quando for conveniente.	Apri Windows Update e installa tutto ciò che è in attesa. Riavvia quando ti è comodo.
Remote Desktop lets someone sign in to this PC from another place over the network.	El Escritorio remoto permite que alguien inicie sesión en este PC desde otro lugar a través de la red.	Le Bureau à distance permet à quelqu'un de se connecter à ce PC depuis un autre endroit via le réseau.	Mit dem Remotedesktop kann sich jemand über das Netzwerk von woanders an diesem PC anmelden.	A Área de Trabalho Remota permite que alguém entre neste PC de outro lugar pela rede.	Il Desktop remoto permette a qualcuno di accedere a questo PC da un altro luogo tramite la rete.
Strangers could keep trying to guess your password from far away.	Desconocidos podrían seguir intentando adivinar tu contraseña desde muy lejos.	Des inconnus pourraient essayer de deviner votre mot de passe sans cesse, de très loin.	Fremde könnten von weit weg immer wieder versuchen, dein Passwort zu erraten.	Estranhos poderiam ficar tentando adivinhar sua senha de muito longe.	Degli sconosciuti potrebbero continuare a provare a indovinare la tua password da lontano.
If you don't use it, switch it off in Settings. If you do, keep a strong password.	Si no lo usas, desactívalo en Configuración. Si lo usas, mantén una contraseña segura.	Si vous ne l'utilisez pas, désactivez-le dans les Paramètres. Sinon, gardez un mot de passe robuste.	Wenn du ihn nicht nutzt, schalte ihn in den Einstellungen aus. Wenn doch, nimm ein starkes Passwort.	Se você não usa, desative nas Configurações. Se usa, mantenha uma senha forte.	Se non lo usi, disattivalo nelle Impostazioni. Se lo usi, tieni una password sicura.
An old way of sharing files and printers between PCs that is still switched on.	Una forma antigua de compartir archivos e impresoras entre PC que sigue activada.	Une ancienne méthode de partage de fichiers et d'imprimantes entre PC, encore activée.	Eine alte Art, Dateien und Drucker zwischen PCs zu teilen, die noch eingeschaltet ist.	Uma forma antiga de compartilhar arquivos e impressoras entre PCs que ainda está ativada.	Un vecchio modo di condividere file e stampanti tra PC che è ancora attivo.
Old flaws in it have been used by worms to spread from one PC to the next.	Sus viejos fallos han servido a gusanos para propagarse de un PC a otro.	Ses anciennes failles ont servi à des vers pour se propager d'un PC à l'autre.	Alte Schwachstellen darin haben Würmer genutzt, um sich von PC zu PC zu verbreiten.	Falhas antigas dele já foram usadas por worms para se espalhar de um PC para outro.	Le sue vecchie falle sono state usate da worm per diffondersi da un PC all'altro.
Turn it off in Windows Features. Very old printers or network drives may stop connecting.	Desactívalo en Características de Windows. Las impresoras o unidades de red muy antiguas pueden dejar de conectarse.	Désactivez-le dans les Fonctionnalités Windows. Les imprimantes ou disques réseau très anciens pourraient ne plus se connecter.	Schalte es in den Windows-Features aus. Sehr alte Drucker oder Netzlaufwerke verbinden sich eventuell nicht mehr.	Desative nos Recursos do Windows. Impressoras ou unidades de rede muito antigas podem deixar de se conectar.	Disattivalo in Funzionalità di Windows. Stampanti o unità di rete molto vecchie potrebbero non collegarsi più.
SmartScreen warns you before you open unknown apps or visit risky websites.	SmartScreen te avisa antes de abrir apps desconocidas o visitar sitios web peligrosos.	SmartScreen vous avertit avant d'ouvrir des applis inconnues ou de visiter des sites à risque.	SmartScreen warnt dich, bevor du unbekannte Apps öffnest oder riskante Websites besuchst.	O SmartScreen avisa você antes de abrir apps desconhecidos ou visitar sites arriscados.	SmartScreen ti avvisa prima di aprire app sconosciute o visitare siti web rischiosi.
You could open a scam website or an unknown app without any warning.	Podrías abrir un sitio web fraudulento o una app desconocida sin ninguna advertencia.	Vous pourriez ouvrir un site frauduleux ou une appli inconnue sans aucun avertissement.	Du könntest eine Betrugs-Website oder eine unbekannte App ohne jede Warnung öffnen.	Você poderia abrir um site de golpe ou um app desconhecido sem nenhum aviso.	Potresti aprire un sito truffa o un'app sconosciuta senza alcun avviso.
Open Windows Security and make sure the warnings are on. You may see a warning before opening new downloads.	Abre Seguridad de Windows y comprueba que las advertencias estén activadas. Puede aparecer un aviso al abrir descargas nuevas.	Ouvrez Sécurité Windows et vérifiez que les avertissements sont activés. Un avis peut s'afficher avant d'ouvrir de nouveaux téléchargements.	Öffne die Windows-Sicherheit und prüfe, ob die Warnungen aktiv sind. Vor neuen Downloads kann eine Warnung erscheinen.	Abra a Segurança do Windows e confirme que os avisos estão ativados. Você pode ver um aviso antes de abrir novos downloads.	Apri Sicurezza di Windows e assicurati che gli avvisi siano attivi. Potresti vedere un avviso prima di aprire nuovi download.
The accounts that can sign in to this PC, and whether each one needs a password.	Las cuentas que pueden iniciar sesión en este PC y si cada una necesita contraseña.	Les comptes qui peuvent se connecter à ce PC, et si chacun exige un mot de passe.	Die Konten, die sich an diesem PC anmelden können, und ob jedes ein Passwort braucht.	As contas que podem entrar neste PC e se cada uma precisa de senha.	Gli account che possono accedere a questo PC e se ognuno richiede una password.
An account with no password lets anyone who sits down at the PC, or reaches it, walk right in.	Una cuenta sin contraseña deja entrar a cualquiera que se siente ante el PC o llegue a él.	Un compte sans mot de passe laisse entrer n'importe qui s'asseyant devant le PC ou l'atteignant.	Ein Konto ohne Passwort lässt jeden hinein, der sich an den PC setzt oder ihn erreicht.	Uma conta sem senha deixa entrar qualquer pessoa que sente diante do PC ou chegue a ele.	Un account senza password lascia entrare chiunque si sieda al PC o lo raggiunga.
Check who can sign in. Give each account its own strong password and remove the ones nobody uses.	Revisa quién puede iniciar sesión. Da a cada cuenta su propia contraseña segura y elimina las que nadie usa.	Vérifiez qui peut se connecter. Donnez à chaque compte son propre mot de passe robuste et supprimez ceux que personne n'utilise.	Prüfe, wer sich anmelden kann. Gib jedem Konto ein eigenes starkes Passwort und entferne ungenutzte Konten.	Veja quem pode entrar. Dê a cada conta sua própria senha forte e remova as que ninguém usa.	Controlla chi può accedere. Dai a ogni account una password sicura e personale e rimuovi quelli che nessuno usa.
Memory integrity keeps harmful drivers from taking over the core of Windows.	La integridad de memoria evita que controladores dañinos tomen el control del núcleo de Windows.	L'intégrité de la mémoire empêche les pilotes malveillants de prendre le contrôle du cœur de Windows.	Die Speicherintegrität verhindert, dass schädliche Treiber den Kern von Windows übernehmen.	A integridade da memória impede que drivers nocivos assumam o núcleo do Windows.	L'integrità della memoria impedisce ai driver dannosi di prendere il controllo del cuore di Windows.
A bad driver could take over the heart of Windows and hide from your protection.	Un controlador malo podría apoderarse del corazón de Windows y esconderse de tu protección.	Un mauvais pilote pourrait prendre le contrôle du cœur de Windows et échapper à votre protection.	Ein schlechter Treiber könnte das Herz von Windows übernehmen und sich vor deinem Schutz verstecken.	Um driver ruim poderia assumir o coração do Windows e se esconder da sua proteção.	Un driver difettoso potrebbe prendere il cuore di Windows e nascondersi dalla tua protezione.
Open Windows Security and turn on Core isolation. Some older devices and drivers don't work with it.	Abre Seguridad de Windows y activa el Aislamiento del núcleo. Algunos dispositivos y controladores antiguos no son compatibles.	Ouvrez Sécurité Windows et activez l'Isolation du noyau. Certains anciens appareils et pilotes ne la prennent pas en charge.	Öffne die Windows-Sicherheit und schalte die Kernisolierung ein. Manche ältere Geräte und Treiber funktionieren damit nicht.	Abra a Segurança do Windows e ative o Isolamento de núcleo. Alguns dispositivos e drivers mais antigos não funcionam com ele.	Apri Sicurezza di Windows e attiva l'Isolamento core. Alcuni dispositivi e driver più vecchi non funzionano con esso.
Automatic sign-in lets this PC start straight into your account without asking for a password.	El inicio de sesión automático hace que este PC entre directo en tu cuenta sin pedir contraseña.	La connexion automatique ouvre directement votre compte au démarrage de ce PC sans demander de mot de passe.	Die automatische Anmeldung startet diesen PC direkt in dein Konto, ohne nach einem Passwort zu fragen.	O login automático faz este PC entrar direto na sua conta sem pedir senha.	L'accesso automatico avvia questo PC direttamente nel tuo account senza chiedere la password.
Anyone who switches on your PC, or steals it, gets straight into your files.	Quien encienda tu PC, o te lo robe, entra directamente en tus archivos.	Quiconque allume votre PC, ou vous le vole, accède directement à vos fichiers.	Jeder, der deinen PC einschaltet oder stiehlt, kommt direkt an deine Dateien.	Quem ligar seu PC, ou roubá-lo, entra direto nos seus arquivos.	Chiunque accenda il tuo PC, o lo rubi, entra direttamente nei tuoi file.
Turn it off in your account settings. You'll type your password or PIN when the PC starts.	Desactívalo en los ajustes de tu cuenta. Escribirás tu contraseña o PIN al iniciar el PC.	Désactivez-le dans les paramètres de votre compte. Vous saisirez votre mot de passe ou code PIN au démarrage.	Schalte es in den Kontoeinstellungen aus. Beim Start gibst du dann dein Passwort oder deine PIN ein.	Desative nas configurações da conta. Você digitará sua senha ou PIN quando o PC iniciar.	Disattivalo nelle impostazioni dell'account. All'avvio del PC digiterai la password o il PIN.
The antivirus and firewall apps that Windows can see on this PC.	Las apps de antivirus y cortafuegos que Windows puede ver en este PC.	Les applis d'antivirus et de pare-feu que Windows voit sur ce PC.	Die Antiviren- und Firewall-Apps, die Windows auf diesem PC sehen kann.	Os apps de antivírus e firewall que o Windows enxerga neste PC.	Le app di antivirus e firewall che Windows vede su questo PC.
If none is switched on, nothing watches for harmful programs or unwanted connections.	Si ninguna está activada, nada vigila los programas dañinos ni las conexiones no deseadas.	Si aucune n'est activée, rien ne surveille les programmes malveillants ni les connexions indésirables.	Ist keine eingeschaltet, überwacht nichts schädliche Programme oder unerwünschte Verbindungen.	Se nenhum estiver ativado, nada vigia programas nocivos ou conexões indesejadas.	Se nessuna è attiva, nulla controlla i programmi dannosi o le connessioni indesiderate.
Open Windows Security and make sure one antivirus and the firewall are on.	Abre Seguridad de Windows y comprueba que haya un antivirus y el cortafuegos activados.	Ouvrez Sécurité Windows et vérifiez qu'un antivirus et le pare-feu sont activés.	Öffne die Windows-Sicherheit und prüfe, ob ein Virenschutz und die Firewall aktiv sind.	Abra a Segurança do Windows e confirme que um antivírus e o firewall estão ativados.	Apri Sicurezza di Windows e assicurati che un antivirus e il firewall siano attivi.
The firewall is a gatekeeper between your PC and the network.	El cortafuegos es un guardián entre tu PC y la red.	Le pare-feu est un gardien entre votre PC et le réseau.	Die Firewall ist ein Türsteher zwischen deinem PC und dem Netzwerk.	O firewall é um porteiro entre o seu PC e a rede.	Il firewall è un guardiano tra il tuo PC e la rete.
With it off, other devices on the network can try to reach your PC freely.	Si está desactivado, otros dispositivos de la red pueden intentar llegar a tu PC libremente.	S'il est désactivé, les autres appareils du réseau peuvent tenter d'atteindre votre PC librement.	Ist sie aus, können andere Geräte im Netzwerk frei versuchen, deinen PC zu erreichen.	Com ele desligado, outros dispositivos da rede podem tentar chegar ao seu PC livremente.	Se è disattivato, altri dispositivi della rete possono provare a raggiungere liberamente il tuo PC.
Open Windows Security and turn the firewall on for every kind of network.	Abre Seguridad de Windows y activa el cortafuegos para todos los tipos de red.	Ouvrez Sécurité Windows et activez le pare-feu pour tous les types de réseau.	Öffne die Windows-Sicherheit und schalte die Firewall für jede Netzwerkart ein.	Abra a Segurança do Windows e ative o firewall para todos os tipos de rede.	Apri Sicurezza di Windows e attiva il firewall per ogni tipo di rete.
Windows Defender is the antivirus that comes with Windows.	Windows Defender es el antivirus que viene con Windows.	Windows Defender est l'antivirus fourni avec Windows.	Windows Defender ist das Antivirenprogramm, das mit Windows kommt.	O Windows Defender é o antivírus que vem com o Windows.	Windows Defender è l'antivirus incluso in Windows.
If it is off or out of date, new viruses and harmful downloads may not be caught.	Si está desactivado o desactualizado, pueden no detectarse virus nuevos ni descargas dañinas.	S'il est désactivé ou périmé, les nouveaux virus et téléchargements dangereux peuvent passer.	Ist er aus oder veraltet, werden neue Viren und schädliche Downloads vielleicht nicht erkannt.	Se estiver desligado ou desatualizado, vírus novos e downloads nocivos podem não ser detectados.	Se è disattivato o non aggiornato, nuovi virus e download dannosi potrebbero non essere rilevati.
Open Windows Security and check that virus protection is on and up to date.	Abre Seguridad de Windows y comprueba que la protección antivirus esté activada y al día.	Ouvrez Sécurité Windows et vérifiez que la protection antivirus est activée et à jour.	Öffne die Windows-Sicherheit und prüfe, ob der Virenschutz aktiv und aktuell ist.	Abra a Segurança do Windows e confirme que a proteção antivírus está ativada e atualizada.	Apri Sicurezza di Windows e controlla che la protezione antivirus sia attiva e aggiornata.
Some PCs are managed by a company or school, which sets many security settings for you.	Algunos PC los gestiona una empresa o escuela, que configura muchos ajustes de seguridad por ti.	Certains PC sont gérés par une entreprise ou une école, qui règle de nombreux paramètres de sécurité à votre place.	Manche PCs werden von einer Firma oder Schule verwaltet, die viele Sicherheitseinstellungen für dich festlegt.	Alguns PCs são gerenciados por uma empresa ou escola, que define muitas configurações de segurança por você.	Alcuni PC sono gestiti da un'azienda o da una scuola, che imposta per te molte impostazioni di sicurezza.
On a managed PC, changes you make can be undone by the organization or break rules it relies on.	En un PC gestionado, la organización puede deshacer tus cambios o romper reglas de las que depende.	Sur un PC géré, vos changements peuvent être annulés par l'organisation ou casser des règles dont elle dépend.	Auf einem verwalteten PC kann die Organisation deine Änderungen rückgängig machen oder auf sie angewiesene Regeln stören.	Em um PC gerenciado, a organização pode desfazer suas mudanças ou quebrar regras das quais depende.	Su un PC gestito, le tue modifiche possono essere annullate dall'organizzazione o rompere regole da cui dipende.
If you're not sure who manages this PC, look at work or school accounts in Settings.	Si no sabes quién gestiona este PC, revisa las cuentas del trabajo o la escuela en Configuración.	Si vous ne savez pas qui gère ce PC, consultez les comptes professionnels ou scolaires dans les Paramètres.	Wenn du nicht weißt, wer diesen PC verwaltet, sieh in den Einstellungen bei den Geschäfts- oder Schulkonten nach.	Se não souber quem gerencia este PC, veja as contas de trabalho ou escola nas Configurações.	Se non sai chi gestisce questo PC, guarda gli account di lavoro o scuola nelle Impostazioni.
Secblitz keeps a record of the changes it made so it can put them back.	Secblitz guarda un registro de los cambios que hizo para poder deshacerlos.	Secblitz garde une trace des changements effectués pour pouvoir les annuler.	Secblitz führt Buch über die Änderungen, die es gemacht hat, damit es sie zurücknehmen kann.	O Secblitz guarda um registro das alterações que fez para poder desfazê-las.	Secblitz tiene un registro delle modifiche fatte per poterle annullare.
If an earlier change didn't finish, new ones could pile on top of it and get confusing.	Si un cambio anterior no terminó, los nuevos podrían acumularse encima y complicar las cosas.	Si un changement précédent n'est pas terminé, les nouveaux pourraient s'empiler dessus et tout compliquer.	Wenn eine frühere Änderung nicht abgeschlossen wurde, könnten neue darauf aufbauen und alles verwirren.	Se uma alteração anterior não terminou, as novas poderiam se acumular em cima e confundir tudo.	Se una modifica precedente non è terminata, quelle nuove potrebbero sommarsi e creare confusione.
Undo your last fixes first. Then you can make new ones.	Deshaz primero tus últimas correcciones. Después podrás hacer otras nuevas.	Annulez d'abord vos dernières corrections. Vous pourrez ensuite en faire de nouvelles.	Mache zuerst deine letzten Korrekturen rückgängig. Danach kannst du neue vornehmen.	Desfaça primeiro suas últimas correções. Depois você poderá fazer novas.	Annulla prima le ultime correzioni. Poi potrai farne di nuove.
A check that could not finish this time.	Una comprobación que no pudo terminar esta vez.	Une vérification qui n'a pas pu se terminer cette fois.	Eine Prüfung, die diesmal nicht abgeschlossen werden konnte.	Uma verificação que não conseguiu terminar desta vez.	Un controllo che questa volta non è riuscito a terminare.
Without the result, we can't tell whether that part of your PC is protected.	Sin el resultado, no podemos saber si esa parte de tu PC está protegida.	Sans le résultat, nous ne pouvons pas savoir si cette partie de votre PC est protégée.	Ohne das Ergebnis können wir nicht sagen, ob dieser Teil deines PCs geschützt ist.	Sem o resultado, não podemos dizer se essa parte do seu PC está protegida.	Senza il risultato non possiamo dire se quella parte del tuo PC è protetta.
Check again in a moment. Nothing was changed.	Vuelve a comprobar en un momento. No se cambió nada.	Vérifiez à nouveau dans un instant. Rien n'a été modifié.	Prüfe in einem Moment erneut. Es wurde nichts geändert.	Verifique de novo em instantes. Nada foi alterado.	Ripeti la verifica tra poco. Non è stato modificato nulla.
A look at who is allowed to change a few important Windows services.	Un vistazo a quién puede modificar algunos servicios importantes de Windows.	Un regard sur les personnes autorisées à modifier quelques services Windows importants.	Ein Blick darauf, wer einige wichtige Windows-Dienste ändern darf.	Uma olhada em quem pode alterar alguns serviços importantes do Windows.	Uno sguardo a chi può modificare alcuni servizi importanti di Windows.
Loose rules could let a harmful program tamper with updates or protection.	Unas reglas demasiado laxas podrían dejar que un programa dañino manipule las actualizaciones o la protección.	Des règles trop souples pourraient laisser un programme malveillant toucher aux mises à jour ou à la protection.	Zu lockere Regeln könnten es einem schädlichen Programm erlauben, Updates oder Schutz zu manipulieren.	Regras frouxas poderiam deixar um programa nocivo mexer nas atualizações ou na proteção.	Regole troppo larghe potrebbero permettere a un programma dannoso di manomettere aggiornamenti o protezione.
A few important Windows services have rules about who can change them.	Algunos servicios importantes de Windows tienen reglas sobre quién puede modificarlos.	Quelques services Windows importants ont des règles sur qui peut les modifier.	Einige wichtige Windows-Dienste haben Regeln dafür, wer sie ändern darf.	Alguns serviços importantes do Windows têm regras sobre quem pode alterá-los.	Alcuni servizi importanti di Windows hanno regole su chi può modificarli.
If the rules are too loose, a harmful program could tamper with updates or protection.	Si las reglas son demasiado laxas, un programa dañino podría manipular las actualizaciones o la protección.	Si les règles sont trop souples, un programme malveillant pourrait toucher aux mises à jour ou à la protection.	Sind die Regeln zu locker, könnte ein schädliches Programm Updates oder Schutz manipulieren.	Se as regras forem frouxas demais, um programa nocivo poderia mexer nas atualizações ou na proteção.	Se le regole sono troppo larghe, un programma dannoso potrebbe manomettere aggiornamenti o protezione.
We leave these alone. If a safe fix is available, it shows under Needs your attention.	Los dejamos como están. Si hay una corrección segura, aparece en Necesita tu atención.	Nous les laissons tels quels. Si une correction sûre existe, elle apparaît sous Demande votre attention.	Wir lassen sie unverändert. Gibt es eine sichere Korrektur, erscheint sie unter Braucht deine Aufmerksamkeit.	Nós os deixamos como estão. Se houver uma correção segura, ela aparece em Precisa da sua atenção.	Li lasciamo com'è. Se è disponibile una correzione sicura, appare in Richiede la tua attenzione.
How many accounts on this PC have full administrator power.	Cuántas cuentas de este PC tienen todos los poderes de administrador.	Combien de comptes de ce PC ont tous les pouvoirs d'administrateur.	Wie viele Konten auf diesem PC volle Administratorrechte haben.	Quantas contas neste PC têm poder total de administrador.	Quanti account di questo PC hanno pieno potere di amministratore.
The more accounts with full power, the more ways in for someone who steals a password.	Cuantas más cuentas con todos los poderes, más puertas de entrada para quien robe una contraseña.	Plus il y a de comptes tout-puissants, plus il y a d'entrées pour qui vole un mot de passe.	Je mehr Konten volle Rechte haben, desto mehr Wege gibt es für jemanden, der ein Passwort stiehlt.	Quanto mais contas com poder total, mais portas de entrada para quem roubar uma senha.	Più account con pieno potere ci sono, più vie d'ingresso ha chi ruba una password.
Look at who has administrator rights in Settings, and use a normal account day to day.	Mira en Configuración quién tiene derechos de administrador y usa una cuenta normal a diario.	Regardez dans les Paramètres qui a des droits d'administrateur et utilisez un compte normal au quotidien.	Sieh in den Einstellungen nach, wer Administratorrechte hat, und nutze im Alltag ein normales Konto.	Veja nas Configurações quem tem direitos de administrador e use uma conta comum no dia a dia.	Guarda nelle Impostazioni chi ha i diritti di amministratore e usa un account normale ogni giorno.
The Guest account lets someone use this PC without signing in as themselves.	La cuenta de invitado permite que alguien use este PC sin iniciar sesión con su propia cuenta.	Le compte Invité permet à quelqu'un d'utiliser ce PC sans se connecter avec son propre compte.	Das Gastkonto lässt jemanden diesen PC nutzen, ohne sich mit einem eigenen Konto anzumelden.	A conta Convidado permite que alguém use este PC sem entrar com a própria conta.	L'account Ospite permette a qualcuno di usare questo PC senza accedere con il proprio account.
Anyone nearby could use your PC through a shared account that nobody keeps track of.	Cualquiera cerca podría usar tu PC con una cuenta compartida de la que nadie lleva control.	N'importe qui à proximité pourrait utiliser votre PC via un compte partagé que personne ne suit.	Jeder in der Nähe könnte deinen PC über ein geteiltes Konto nutzen, das niemand im Blick hat.	Qualquer pessoa por perto poderia usar seu PC por uma conta compartilhada que ninguém acompanha.	Chiunque nelle vicinanze potrebbe usare il tuo PC tramite un account condiviso che nessuno controlla.
Switch off the Guest account in Computer Management if nobody needs it.	Desactiva la cuenta de invitado en Administración de equipos si nadie la necesita.	Désactivez le compte Invité dans la Gestion de l'ordinateur si personne n'en a besoin.	Schalte das Gastkonto in der Computerverwaltung aus, wenn es niemand braucht.	Desative a conta Convidado no Gerenciamento do Computador se ninguém precisar dela.	Disattiva l'account Ospite in Gestione computer se nessuno ne ha bisogno.
Accounts on this PC that are switched on but haven't been used for months.	Cuentas de este PC que están activas pero llevan meses sin usarse.	Des comptes de ce PC qui sont activés mais inutilisés depuis des mois.	Konten auf diesem PC, die eingeschaltet sind, aber seit Monaten nicht benutzt wurden.	Contas neste PC que estão ativas, mas não são usadas há meses.	Account di questo PC che sono attivi ma non vengono usati da mesi.
Forgotten accounts are easy to overlook, so someone could use one without you noticing.	Las cuentas olvidadas pasan fácilmente inadvertidas, así que alguien podría usar una sin que lo notes.	Les comptes oubliés passent facilement inaperçus : quelqu'un pourrait en utiliser un sans que vous le remarquiez.	Vergessene Konten übersieht man leicht, daher könnte jemand eines nutzen, ohne dass du es merkst.	Contas esquecidas passam despercebidas, então alguém poderia usar uma sem você notar.	Gli account dimenticati passano facilmente inosservati, quindi qualcuno potrebbe usarne uno senza che te ne accorga.
Review the old accounts in Settings and remove the ones nobody uses.	Revisa las cuentas antiguas en Configuración y elimina las que nadie usa.	Passez en revue les anciens comptes dans les Paramètres et supprimez ceux que personne n'utilise.	Sieh dir die alten Konten in den Einstellungen an und entferne die, die niemand nutzt.	Revise as contas antigas nas Configurações e remova as que ninguém usa.	Controlla i vecchi account nelle Impostazioni e rimuovi quelli che nessuno usa.
Extra Windows Defender shields against attacker tricks, and which ones are set up.	Escudos adicionales de Windows Defender contra trucos de atacantes, y cuáles están configurados.	Les protections supplémentaires de Windows Defender contre les astuces des pirates, et lesquelles sont en place.	Zusätzliche Windows-Defender-Schilde gegen Angreifertricks und welche davon eingerichtet sind.	Escudos extras do Windows Defender contra truques de invasores e quais estão configurados.	Scudi extra di Windows Defender contro i trucchi degli aggressori e quali sono configurati.
Without them, some common attacker tricks are not blocked on this PC.	Sin ellos, algunos trucos habituales de los atacantes no se bloquean en este PC.	Sans elles, certaines astuces courantes des pirates ne sont pas bloquées sur ce PC.	Ohne sie werden manche gängigen Angreifertricks auf diesem PC nicht blockiert.	Sem eles, alguns truques comuns de invasores não são bloqueados neste PC.	Senza di essi, alcuni trucchi comuni degli aggressori non vengono bloccati su questo PC.
Nothing to do here. This check only reads; the shields are turned on from the Protection page.	No hay nada que hacer aquí. Esta comprobación solo lee; los escudos se activan desde la página Protección.	Rien à faire ici. Cette vérification ne fait que lire ; les protections s'activent depuis la page Protection.	Hier ist nichts zu tun. Diese Prüfung liest nur; die Schilde schaltest du auf der Seite Schutz ein.	Não há nada a fazer aqui. Esta verificação só lê; os escudos são ativados na página Proteção.	Non c'è nulla da fare qui. Questo controllo si limita a leggere; gli scudi si attivano dalla pagina Protezione.
Whether the extra Defender shields are really working, not only set up.	Si los escudos adicionales de Defender funcionan de verdad, y no solo están configurados.	Si les protections supplémentaires de Defender fonctionnent vraiment, et pas seulement configurées.	Ob die zusätzlichen Defender-Schilde wirklich arbeiten und nicht nur eingerichtet sind.	Se os escudos extras do Defender realmente funcionam, e não apenas estão configurados.	Se gli scudi extra di Defender funzionano davvero, e non sono solo configurati.
A shield that is set up but not running protects you only on paper.	Un escudo configurado pero que no funciona te protege solo sobre el papel.	Une protection configurée mais inactive ne vous protège que sur le papier.	Ein Schild, das eingerichtet ist, aber nicht läuft, schützt dich nur auf dem Papier.	Um escudo configurado, mas que não está rodando, protege você só no papel.	Uno scudo configurato ma non in funzione ti protegge solo sulla carta.
Nothing to do here. We can't confirm it from outside, so Windows Security is the place to look.	No hay nada que hacer aquí. No podemos confirmarlo desde fuera; mira en Seguridad de Windows.	Rien à faire ici. Nous ne pouvons pas le confirmer de l'extérieur ; consultez Sécurité Windows.	Hier ist nichts zu tun. Wir können es von außen nicht bestätigen; sieh in der Windows-Sicherheit nach.	Não há nada a fazer aqui. Não podemos confirmar de fora; veja na Segurança do Windows.	Non c'è nulla da fare qui. Non possiamo confermarlo dall'esterno; guarda in Sicurezza di Windows.
A list of the extra Defender shields that this PC reports.	Una lista de los escudos adicionales de Defender que informa este PC.	La liste des protections supplémentaires de Defender signalées par ce PC.	Eine Liste der zusätzlichen Defender-Schilde, die dieser PC meldet.	Uma lista dos escudos extras do Defender que este PC informa.	Un elenco degli scudi extra di Defender segnalati da questo PC.
If the list is empty or unreadable, you can't tell which tricks are being blocked.	Si la lista está vacía o no se puede leer, no sabes qué trucos se están bloqueando.	Si la liste est vide ou illisible, impossible de savoir quelles astuces sont bloquées.	Ist die Liste leer oder nicht lesbar, weißt du nicht, welche Tricks blockiert werden.	Se a lista estiver vazia ou ilegível, não dá para saber quais truques estão sendo bloqueados.	Se l'elenco è vuoto o illeggibile, non si sa quali trucchi vengono bloccati.
Nothing to do. This is a list for information only.	No hay nada que hacer. Es solo una lista informativa.	Rien à faire. Il s'agit d'une simple liste à titre d'information.	Nichts zu tun. Das ist nur eine Liste zur Information.	Não há nada a fazer. É apenas uma lista informativa.	Non c'è nulla da fare. È solo un elenco informativo.
Whether your files have been backed up lately.	Si tus archivos tienen una copia de seguridad reciente.	Si vos fichiers ont été sauvegardés récemment.	Ob deine Dateien kürzlich gesichert wurden.	Se seus arquivos foram copiados em um backup recentemente.	Se i tuoi file sono stati salvati di recente in un backup.
If your drive fails or ransomware locks your files, you could lose photos and documents for good.	Si falla tu disco o un ransomware bloquea tus archivos, podrías perder fotos y documentos para siempre.	Si votre disque lâche ou si un rançongiciel verrouille vos fichiers, vous pourriez perdre photos et documents pour de bon.	Fällt dein Laufwerk aus oder sperrt Erpressersoftware deine Dateien, könnten Fotos und Dokumente für immer weg sein.	Se o disco falhar ou um ransomware travar seus arquivos, você pode perder fotos e documentos para sempre.	Se il disco si guasta o un ransomware blocca i tuoi file, potresti perdere foto e documenti per sempre.
Set up a backup of your files in Windows or on an external drive, and run it every so often.	Configura una copia de seguridad de tus archivos en Windows o en un disco externo y hazla de vez en cuando.	Configurez une sauvegarde de vos fichiers dans Windows ou sur un disque externe, et lancez-la de temps en temps.	Richte eine Sicherung deiner Dateien in Windows oder auf einer externen Festplatte ein und führe sie ab und zu aus.	Configure um backup dos seus arquivos no Windows ou em um disco externo e faça-o de vez em quando.	Configura un backup dei tuoi file in Windows o su un disco esterno ed eseguilo ogni tanto.
Records of recent successful Windows backups.	Registros de copias de seguridad de Windows recientes y correctas.	Les traces des sauvegardes Windows récentes réussies.	Einträge über kürzlich erfolgreiche Windows-Sicherungen.	Registros de backups do Windows recentes e bem-sucedidos.	Registrazioni dei backup di Windows recenti e riusciti.
With no recent backup, you may have no copy of your files if something goes wrong.	Sin una copia reciente, puede que no tengas copia de tus archivos si algo sale mal.	Sans sauvegarde récente, vous pourriez n'avoir aucune copie de vos fichiers en cas de problème.	Ohne aktuelle Sicherung hast du bei einem Problem vielleicht keine Kopie deiner Dateien.	Sem um backup recente, você pode ficar sem cópia dos arquivos se algo der errado.	Senza un backup recente, potresti non avere una copia dei tuoi file se qualcosa va storto.
Nothing to do. If this is empty, set up a backup.	No hay nada que hacer. Si está vacío, configura una copia de seguridad.	Rien à faire. Si c'est vide, configurez une sauvegarde.	Nichts zu tun. Ist es leer, richte eine Sicherung ein.	Não há nada a fazer. Se estiver vazio, configure um backup.	Non c'è nulla da fare. Se è vuoto, configura un backup.
Earlier versions of your files that Windows keeps on the same drive.	Versiones anteriores de tus archivos que Windows guarda en el mismo disco.	Des versions antérieures de vos fichiers que Windows garde sur le même disque.	Frühere Versionen deiner Dateien, die Windows auf demselben Laufwerk aufbewahrt.	Versões anteriores dos seus arquivos que o Windows guarda no mesmo disco.	Versioni precedenti dei tuoi file che Windows conserva sullo stesso disco.
They help after a mistake, but they are lost with the drive, so they are not a real backup.	Ayudan tras un error, pero se pierden con el disco, así que no son una copia de seguridad real.	Elles aident après une erreur, mais disparaissent avec le disque : ce n'est pas une vraie sauvegarde.	Sie helfen nach einem Versehen, gehen aber mit dem Laufwerk verloren und sind keine echte Sicherung.	Ajudam depois de um engano, mas se perdem junto com o disco, então não são um backup de verdade.	Aiutano dopo un errore, ma si perdono con il disco, quindi non sono un vero backup.
Nothing to do. Keep a separate backup on another drive or online.	No hay nada que hacer. Mantén una copia aparte en otro disco o en línea.	Rien à faire. Gardez une sauvegarde séparée sur un autre disque ou en ligne.	Nichts zu tun. Halte eine getrennte Sicherung auf einem anderen Laufwerk oder online bereit.	Não há nada a fazer. Mantenha um backup separado em outro disco ou online.	Non c'è nulla da fare. Tieni un backup separato su un altro disco o online.
A list of your drives and whether they are encrypted.	Una lista de tus unidades y si están cifradas.	La liste de vos disques et s'ils sont chiffrés.	Eine Liste deiner Laufwerke und ob sie verschlüsselt sind.	Uma lista das suas unidades e se estão criptografadas.	Un elenco delle tue unità e se sono crittografate.
An unencrypted drive can be read by anyone who gets hold of it.	Un disco sin cifrar puede leerlo cualquiera que lo consiga.	Un disque non chiffré peut être lu par quiconque met la main dessus.	Ein unverschlüsseltes Laufwerk kann von jedem gelesen werden, der es in die Hände bekommt.	Um disco sem criptografia pode ser lido por qualquer pessoa que o pegue.	Un'unità non crittografata può essere letta da chiunque la ottenga.
Whether each drive is scrambled so only you can read it.	Si cada unidad está cifrada para que solo tú puedas leerla.	Si chaque disque est chiffré pour que vous seul puissiez le lire.	Ob jedes Laufwerk verschlüsselt ist, sodass nur du es lesen kannst.	Se cada unidade está criptografada para que só você possa lê-la.	Se ogni unità è crittografata in modo che solo tu possa leggerla.
If your PC is lost or stolen, a stranger could read the files on a drive that isn't protected.	Si pierdes el PC o te lo roban, un desconocido podría leer los archivos de un disco sin protección.	Si votre PC est perdu ou volé, un inconnu pourrait lire les fichiers d'un disque non protégé.	Wenn dein PC verloren geht oder gestohlen wird, könnte ein Fremder die Dateien eines ungeschützten Laufwerks lesen.	Se seu PC for perdido ou roubado, um estranho poderia ler os arquivos de um disco sem proteção.	Se il PC viene perso o rubato, uno sconosciuto potrebbe leggere i file di un'unità non protetta.
Open encryption settings and turn it on. Save your recovery key somewhere safe first.	Abre los ajustes de cifrado y actívalo. Antes, guarda tu clave de recuperación en un lugar seguro.	Ouvrez les paramètres de chiffrement et activez-le. Gardez d'abord votre clé de récupération en lieu sûr.	Öffne die Verschlüsselungseinstellungen und schalte sie ein. Bewahre vorher den Wiederherstellungsschlüssel sicher auf.	Abra as configurações de criptografia e ative. Antes, guarde a chave de recuperação em um lugar seguro.	Apri le impostazioni di crittografia e attivala. Prima conserva la chiave di ripristino in un posto sicuro.
Whether you could unlock your encrypted drive if Windows ever asks for the recovery key.	Si podrías desbloquear tu unidad cifrada si Windows te pide alguna vez la clave de recuperación.	Si vous pourriez déverrouiller votre disque chiffré si Windows demandait un jour la clé de récupération.	Ob du dein verschlüsseltes Laufwerk entsperren könntest, falls Windows je nach dem Wiederherstellungsschlüssel fragt.	Se você conseguiria destravar sua unidade criptografada caso o Windows peça a chave de recuperação.	Se potresti sbloccare l'unità crittografata nel caso Windows chiedesse la chiave di ripristino.
Without the key, a locked drive can be lost for good after a hardware change.	Sin la clave, una unidad bloqueada puede perderse para siempre tras un cambio de hardware.	Sans la clé, un disque verrouillé peut être perdu pour de bon après un changement de matériel.	Ohne den Schlüssel kann ein gesperrtes Laufwerk nach einer Hardwareänderung für immer verloren sein.	Sem a chave, uma unidade bloqueada pode ser perdida para sempre após uma troca de hardware.	Senza la chiave, un'unità bloccata può andare persa per sempre dopo un cambio di hardware.
Make sure your recovery key is saved to your Microsoft account or printed and kept safe. We can't check it.	Comprueba que tu clave de recuperación esté en tu cuenta de Microsoft o impresa y guardada. Nosotros no podemos verificarlo.	Vérifiez que votre clé de récupération est enregistrée dans votre compte Microsoft ou imprimée et gardée en lieu sûr. Nous ne pouvons pas le vérifier.	Stelle sicher, dass dein Wiederherstellungsschlüssel in deinem Microsoft-Konto gespeichert oder ausgedruckt und sicher verwahrt ist. Wir können das nicht prüfen.	Confirme que sua chave de recuperação está salva na conta Microsoft ou impressa e guardada. Não podemos verificar isso.	Assicurati che la chiave di ripristino sia salvata nel tuo account Microsoft o stampata e custodita. Noi non possiamo verificarlo.
The security certificates used at start-up are being renewed, and the older ones expire.	Se están renovando los certificados de seguridad que se usan al arrancar, y los antiguos caducan.	Les certificats de sécurité utilisés au démarrage sont en cours de renouvellement, et les anciens expirent.	Die beim Start verwendeten Sicherheitszertifikate werden erneuert, und die alten laufen ab.	Os certificados de segurança usados na inicialização estão sendo renovados, e os antigos expiram.	I certificati di sicurezza usati all'avvio vengono rinnovati e quelli vecchi scadono.
If your PC misses the renewal, it may stop getting future start-up security fixes.	Si tu PC no recibe la renovación, puede dejar de recibir futuras correcciones de seguridad de arranque.	Si votre PC rate le renouvellement, il pourrait ne plus recevoir les futurs correctifs de sécurité du démarrage.	Verpasst dein PC die Erneuerung, bekommt er künftig vielleicht keine Start-Sicherheitskorrekturen mehr.	Se seu PC perder a renovação, pode deixar de receber futuras correções de segurança da inicialização.	Se il tuo PC perde il rinnovo, potrebbe non ricevere più le future correzioni di sicurezza all'avvio.
Install all Windows updates, then look on your PC maker's website for a start-up update.	Instala todas las actualizaciones de Windows y busca en la web del fabricante una actualización de arranque.	Installez toutes les mises à jour Windows, puis cherchez une mise à jour de démarrage sur le site du fabricant.	Installiere alle Windows-Updates und suche dann auf der Website des PC-Herstellers nach einem Start-Update.	Instale todas as atualizações do Windows e procure no site do fabricante uma atualização de inicialização.	Installa tutti gli aggiornamenti di Windows, poi cerca sul sito del produttore un aggiornamento di avvio.
A list of the add-ons installed in your web browsers.	Una lista de los complementos instalados en tus navegadores.	La liste des modules complémentaires installés dans vos navigateurs.	Eine Liste der Erweiterungen, die in deinen Browsern installiert sind.	Uma lista dos complementos instalados nos seus navegadores.	Un elenco dei componenti aggiuntivi installati nei tuoi browser.
Add-ons you forgot about can read the pages you visit.	Los complementos que olvidaste pueden leer las páginas que visitas.	Des modules oubliés peuvent lire les pages que vous visitez.	Vergessene Erweiterungen können die Seiten lesen, die du besuchst.	Complementos esquecidos podem ler as páginas que você visita.	I componenti aggiuntivi dimenticati possono leggere le pagine che visiti.
Nothing to do. Remove add-ons you don't use from your browser's settings.	No hay nada que hacer. Quita los complementos que no uses en los ajustes del navegador.	Rien à faire. Supprimez les modules que vous n'utilisez pas dans les paramètres du navigateur.	Nichts zu tun. Entferne nicht genutzte Erweiterungen in den Einstellungen deines Browsers.	Não há nada a fazer. Remova os complementos que você não usa nas configurações do navegador.	Non c'è nulla da fare. Rimuovi i componenti che non usi dalle impostazioni del browser.
Browser add-ons that can read every website you visit or talk to other programs.	Complementos del navegador que pueden leer todos los sitios que visitas o comunicarse con otros programas.	Des modules de navigateur qui peuvent lire tous les sites que vous visitez ou communiquer avec d'autres programmes.	Browser-Erweiterungen, die jede besuchte Website lesen oder mit anderen Programmen sprechen können.	Complementos do navegador que podem ler todos os sites que você visita ou falar com outros programas.	Componenti aggiuntivi del browser che possono leggere ogni sito che visiti o parlare con altri programmi.
A bad add-on could see your passwords and what you type on any website.	Un complemento malo podría ver tus contraseñas y lo que escribes en cualquier sitio web.	Un mauvais module pourrait voir vos mots de passe et ce que vous saisissez sur n'importe quel site.	Eine schlechte Erweiterung könnte deine Passwörter und Eingaben auf jeder Website sehen.	Um complemento ruim poderia ver suas senhas e o que você digita em qualquer site.	Un componente aggiuntivo dannoso potrebbe vedere le tue password e ciò che digiti su qualsiasi sito.
Look at these add-ons in your browser and remove any you don't recognize.	Revisa estos complementos en tu navegador y quita los que no reconozcas.	Consultez ces modules dans votre navigateur et supprimez ceux que vous ne reconnaissez pas.	Sieh dir diese Erweiterungen in deinem Browser an und entferne die, die du nicht kennst.	Veja esses complementos no navegador e remova os que você não reconhece.	Guarda questi componenti nel browser e rimuovi quelli che non riconosci.
Folder protection stops unknown apps from changing files in folders like Documents and Pictures.	La protección de carpetas impide que apps desconocidas cambien archivos en carpetas como Documentos e Imágenes.	La protection des dossiers empêche les applis inconnues de modifier les fichiers de dossiers comme Documents et Images.	Der Ordnerschutz hindert unbekannte Apps daran, Dateien in Ordnern wie Dokumente und Bilder zu ändern.	A proteção de pastas impede que apps desconhecidos alterem arquivos em pastas como Documentos e Imagens.	La protezione delle cartelle impedisce alle app sconosciute di modificare i file in cartelle come Documenti e Immagini.
Ransomware could scramble your photos and documents before anything stops it.	Un ransomware podría cifrar tus fotos y documentos antes de que nada lo detenga.	Un rançongiciel pourrait brouiller vos photos et documents avant que rien ne l'arrête.	Erpressersoftware könnte deine Fotos und Dokumente verschlüsseln, bevor etwas sie aufhält.	Um ransomware poderia embaralhar suas fotos e documentos antes que algo o impeça.	Un ransomware potrebbe cifrare le tue foto e i tuoi documenti prima che qualcosa lo fermi.
This check changes nothing. You can turn it on in Windows Security, but it may block some apps from saving files.	Esta comprobación no cambia nada. Puedes activarla en Seguridad de Windows, pero puede impedir que algunas apps guarden archivos.	Cette vérification ne change rien. Vous pouvez l'activer dans Sécurité Windows, mais elle peut empêcher certaines applis d'enregistrer des fichiers.	Diese Prüfung ändert nichts. Du kannst es in der Windows-Sicherheit einschalten, aber manche Apps können dann evtl. keine Dateien speichern.	Esta verificação não muda nada. Você pode ativar na Segurança do Windows, mas isso pode impedir alguns apps de salvar arquivos.	Questo controllo non cambia nulla. Puoi attivarla in Sicurezza di Windows, ma alcune app potrebbero non riuscire a salvare file.
Places and file types that Windows Defender has been told to skip.	Lugares y tipos de archivo que se ha indicado a Windows Defender que omita.	Des emplacements et types de fichiers que Windows Defender a reçu l'ordre d'ignorer.	Orte und Dateitypen, die Windows Defender überspringen soll.	Locais e tipos de arquivo que o Windows Defender foi instruído a ignorar.	Posizioni e tipi di file che Windows Defender è stato istruito a ignorare.
Malware could hide in a skipped place and never be scanned.	Un malware podría esconderse en un lugar omitido y no ser analizado nunca.	Un logiciel malveillant pourrait se cacher dans un emplacement ignoré et ne jamais être analysé.	Schadsoftware könnte sich an einem übersprungenen Ort verstecken und nie gescannt werden.	Um malware poderia se esconder em um local ignorado e nunca ser analisado.	Un malware potrebbe nascondersi in un posto ignorato e non essere mai analizzato.
Open Windows Security and look at the list. Remove any you don't recognize.	Abre Seguridad de Windows y revisa la lista. Quita las que no reconozcas.	Ouvrez Sécurité Windows et consultez la liste. Supprimez celles que vous ne reconnaissez pas.	Öffne die Windows-Sicherheit und sieh dir die Liste an. Entferne, was du nicht kennst.	Abra a Segurança do Windows e veja a lista. Remova o que você não reconhece.	Apri Sicurezza di Windows e guarda l'elenco. Rimuovi quelle che non riconosci.
Other firewall apps that Windows knows about on this PC.	Otras apps de cortafuegos que Windows conoce en este PC.	D'autres applis de pare-feu que Windows connaît sur ce PC.	Andere Firewall-Apps, die Windows auf diesem PC kennt.	Outros apps de firewall que o Windows conhece neste PC.	Altre app firewall che Windows conosce su questo PC.
Two firewalls can clash, and a firewall that is off leaves your PC open.	Dos cortafuegos pueden chocar, y uno desactivado deja tu PC abierto.	Deux pare-feu peuvent entrer en conflit, et un pare-feu désactivé laisse votre PC ouvert.	Zwei Firewalls können sich stören, und eine ausgeschaltete Firewall lässt deinen PC offen.	Dois firewalls podem entrar em conflito, e um firewall desligado deixa seu PC aberto.	Due firewall possono entrare in conflitto, e un firewall spento lascia il tuo PC aperto.
Nothing to do. Just make sure one firewall is on.	No hay nada que hacer. Solo comprueba que haya un cortafuegos activado.	Rien à faire. Vérifiez simplement qu'un pare-feu est activé.	Nichts zu tun. Achte nur darauf, dass eine Firewall aktiv ist.	Não há nada a fazer. Só confirme que um firewall está ativado.	Non c'è nulla da fare. Assicurati solo che un firewall sia attivo.
Whether Windows Defender is the main antivirus on this PC or sits quietly in the background.	Si Windows Defender es el antivirus principal de este PC o está en segundo plano.	Si Windows Defender est l'antivirus principal de ce PC ou s'il reste discret en arrière-plan.	Ob Windows Defender der Hauptvirenschutz dieses PCs ist oder still im Hintergrund wartet.	Se o Windows Defender é o antivírus principal deste PC ou fica quieto em segundo plano.	Se Windows Defender è l'antivirus principale di questo PC o resta in silenzio in background.
If no antivirus is running as the main one, your PC may not be watched at all.	Si ningún antivirus funciona como principal, puede que tu PC no esté vigilado en absoluto.	Si aucun antivirus n'est actif comme principal, votre PC n'est peut-être pas surveillé du tout.	Läuft kein Virenschutz als Hauptprogramm, wird dein PC womöglich gar nicht überwacht.	Se nenhum antivírus estiver rodando como principal, seu PC pode não estar vigiado.	Se nessun antivirus funziona come principale, il tuo PC potrebbe non essere controllato affatto.
Open Windows Security and make sure one antivirus is on.	Abre Seguridad de Windows y comprueba que haya un antivirus activado.	Ouvrez Sécurité Windows et vérifiez qu'un antivirus est activé.	Öffne die Windows-Sicherheit und prüfe, ob ein Virenschutz aktiv ist.	Abra a Segurança do Windows e confirme que um antivírus está ativado.	Apri Sicurezza di Windows e assicurati che un antivirus sia attivo.
Windows was not told about any antivirus app on this PC.	A Windows no le consta ninguna app de antivirus en este PC.	Windows n'a connaissance d'aucune appli antivirus sur ce PC.	Windows kennt keine Antiviren-App auf diesem PC.	O Windows não foi informado de nenhum app antivírus neste PC.	A Windows non risulta alcuna app antivirus su questo PC.
Without an antivirus, harmful programs can run with nothing to stop them.	Sin antivirus, los programas dañinos pueden ejecutarse sin nada que los detenga.	Sans antivirus, les programmes malveillants peuvent s'exécuter sans rien pour les arrêter.	Ohne Virenschutz können schädliche Programme laufen, ohne dass etwas sie aufhält.	Sem antivírus, programas nocivos podem rodar sem nada para impedi-los.	Senza antivirus, i programmi dannosi possono girare senza nulla che li fermi.
Open Windows Security and turn on virus protection.	Abre Seguridad de Windows y activa la protección antivirus.	Ouvrez Sécurité Windows et activez la protection antivirus.	Öffne die Windows-Sicherheit und schalte den Virenschutz ein.	Abra a Segurança do Windows e ative a proteção antivírus.	Apri Sicurezza di Windows e attiva la protezione antivirus.
The antivirus apps that Windows can see on this PC.	Las apps de antivirus que Windows puede ver en este PC.	Les applis antivirus que Windows voit sur ce PC.	Die Antiviren-Apps, die Windows auf diesem PC sehen kann.	Os apps antivírus que o Windows enxerga neste PC.	Le app antivirus che Windows vede su questo PC.
A listed app may be switched off or out of date, which covers you less than it looks.	Una app de la lista puede estar desactivada o desactualizada y protegerte menos de lo que parece.	Une appli listée peut être désactivée ou périmée et vous protéger moins qu'il n'y paraît.	Eine gelistete App kann ausgeschaltet oder veraltet sein und schützt dich weniger, als es aussieht.	Um app listado pode estar desligado ou desatualizado e proteger menos do que parece.	Un'app in elenco può essere spenta o non aggiornata e proteggerti meno di quanto sembri.
Nothing to do here. Open Windows Security to check that it is on.	No hay nada que hacer aquí. Abre Seguridad de Windows para comprobar que esté activada.	Rien à faire ici. Ouvrez Sécurité Windows pour vérifier qu'elle est activée.	Hier ist nichts zu tun. Öffne die Windows-Sicherheit und prüfe, ob sie aktiv ist.	Não há nada a fazer aqui. Abra a Segurança do Windows para confirmar que está ativada.	Non c'è nulla da fare qui. Apri Sicurezza di Windows per controllare che sia attiva.
How long ago your PC last had a quick virus scan.	Hace cuánto tiempo que tu PC hizo el último análisis rápido de virus.	Depuis combien de temps votre PC a fait sa dernière analyse antivirus rapide.	Wie lange der letzte schnelle Virenscan deines PCs her ist.	Há quanto tempo seu PC fez a última verificação rápida de vírus.	Quanto tempo fa il tuo PC ha eseguito l'ultima scansione antivirus rapida.
A harmful file that slipped in could sit there for weeks without being found.	Un archivo dañino que se haya colado podría quedarse semanas sin ser descubierto.	Un fichier malveillant qui s'est glissé pourrait rester des semaines sans être découvert.	Eine eingeschleuste schädliche Datei könnte wochenlang unentdeckt bleiben.	Um arquivo nocivo que entrou poderia ficar semanas sem ser encontrado.	Un file dannoso infiltrato potrebbe restare per settimane senza essere trovato.
Open Windows Security and run a quick scan.	Abre Seguridad de Windows y haz un análisis rápido.	Ouvrez Sécurité Windows et lancez une analyse rapide.	Öffne die Windows-Sicherheit und starte einen schnellen Scan.	Abra a Segurança do Windows e faça uma verificação rápida.	Apri Sicurezza di Windows ed esegui una scansione rapida.
Virus definitions are the list of known threats that Defender checks against, and this shows how fresh it is.	Las definiciones de virus son la lista de amenazas conocidas que usa Defender, y esto muestra lo reciente que es.	Les définitions de virus sont la liste des menaces connues utilisée par Defender ; ceci montre si elle est récente.	Virendefinitionen sind die Liste bekannter Bedrohungen, mit der Defender prüft; hier siehst du, wie aktuell sie ist.	As definições de vírus são a lista de ameaças conhecidas que o Defender usa, e isso mostra o quanto ela está atualizada.	Le definizioni dei virus sono l'elenco delle minacce note che Defender usa; qui si vede quanto è recente.
With an old list, new viruses are not recognized.	Con una lista antigua, los virus nuevos no se reconocen.	Avec une liste ancienne, les nouveaux virus ne sont pas reconnus.	Mit einer alten Liste werden neue Viren nicht erkannt.	Com uma lista antiga, vírus novos não são reconhecidos.	Con un elenco vecchio, i virus nuovi non vengono riconosciuti.
Open Windows Update and install updates. Defender then refreshes its list.	Abre Windows Update e instala las actualizaciones. Defender renovará entonces su lista.	Ouvrez Windows Update et installez les mises à jour. Defender actualise alors sa liste.	Öffne Windows Update und installiere Updates. Defender erneuert dann seine Liste.	Abra o Windows Update e instale as atualizações. O Defender então atualiza a lista.	Apri Windows Update e installa gli aggiornamenti. Defender aggiornerà poi il suo elenco.
Tamper Protection stops malware from switching off your virus protection.	La protección contra alteraciones impide que un malware desactive tu protección antivirus.	La protection contre les falsifications empêche les logiciels malveillants de désactiver votre protection antivirus.	Der Manipulationsschutz hindert Schadsoftware daran, deinen Virenschutz auszuschalten.	A Proteção contra Adulteração impede que um malware desligue sua proteção antivírus.	La protezione antimanomissione impedisce al malware di disattivare la tua protezione antivirus.
A harmful program could turn off your antivirus first and then do what it likes.	Un programa dañino podría apagar primero tu antivirus y luego hacer lo que quiera.	Un programme malveillant pourrait d'abord couper votre antivirus, puis agir à sa guise.	Ein schädliches Programm könnte zuerst deinen Virenschutz abschalten und dann tun, was es will.	Um programa nocivo poderia desligar seu antivírus primeiro e depois fazer o que quiser.	Un programma dannoso potrebbe prima spegnere il tuo antivirus e poi fare ciò che vuole.
Open Windows Security and turn on Tamper Protection. If a work or school account controls it, ask them.	Abre Seguridad de Windows y activa la protección contra alteraciones. Si la controla una cuenta de trabajo o escuela, pregúntales.	Ouvrez Sécurité Windows et activez la protection contre les falsifications. Si un compte pro ou scolaire la gère, demandez-lui.	Öffne die Windows-Sicherheit und schalte den Manipulationsschutz ein. Wenn ein Geschäfts- oder Schulkonto ihn steuert, frage dort nach.	Abra a Segurança do Windows e ative a Proteção contra Adulteração. Se uma conta de trabalho ou escola a controla, pergunte a eles.	Apri Sicurezza di Windows e attiva la protezione antimanomissione. Se la gestisce un account di lavoro o scuola, chiedi a loro.
Whether Windows Defender has found harmful files it has not finished dealing with.	Si Windows Defender ha encontrado archivos dañinos que aún no ha terminado de tratar.	Si Windows Defender a trouvé des fichiers dangereux qu'il n'a pas fini de traiter.	Ob Windows Defender schädliche Dateien gefunden hat, die noch nicht fertig behandelt sind.	Se o Windows Defender encontrou arquivos nocivos que ainda não terminou de tratar.	Se Windows Defender ha trovato file dannosi che non ha ancora finito di gestire.
A threat that was found but not removed can keep harming your PC.	Una amenaza encontrada pero no eliminada puede seguir dañando tu PC.	Une menace trouvée mais non supprimée peut continuer à nuire à votre PC.	Eine gefundene, aber nicht entfernte Bedrohung kann deinem PC weiter schaden.	Uma ameaça encontrada, mas não removida, pode continuar prejudicando seu PC.	Una minaccia trovata ma non rimossa può continuare a danneggiare il tuo PC.
Open Windows Security and follow the steps for each item. Don't delete files by hand.	Abre Seguridad de Windows y sigue los pasos de cada elemento. No borres archivos a mano.	Ouvrez Sécurité Windows et suivez les étapes pour chaque élément. Ne supprimez pas les fichiers à la main.	Öffne die Windows-Sicherheit und folge den Schritten für jeden Eintrag. Lösche keine Dateien von Hand.	Abra a Segurança do Windows e siga os passos de cada item. Não apague arquivos manualmente.	Apri Sicurezza di Windows e segui i passaggi per ogni elemento. Non eliminare i file a mano.
A check that could not run on this PC.	Una comprobación que no se pudo ejecutar en este PC.	Une vérification qui n'a pas pu s'exécuter sur ce PC.	Eine Prüfung, die auf diesem PC nicht ausgeführt werden konnte.	Uma verificação que não pôde ser executada neste PC.	Un controllo che non è stato possibile eseguire su questo PC.
Without it, we can't say whether that part of your PC is safe.	Sin ella, no podemos decir si esa parte de tu PC es segura.	Sans elle, nous ne pouvons pas dire si cette partie de votre PC est sûre.	Ohne sie können wir nicht sagen, ob dieser Teil deines PCs sicher ist.	Sem ela, não podemos dizer se essa parte do seu PC está segura.	Senza di esso non possiamo dire se quella parte del tuo PC è sicura.
Nothing to do. Check again later.	No hay nada que hacer. Vuelve a comprobar más tarde.	Rien à faire. Vérifiez à nouveau plus tard.	Nichts zu tun. Prüfe später erneut.	Não há nada a fazer. Verifique de novo mais tarde.	Non c'è nulla da fare. Ripeti la verifica più tardi.
Some details for a check could not be read.	No se pudieron leer algunos datos de una comprobación.	Certains détails d'une vérification n'ont pas pu être lus.	Einige Angaben für eine Prüfung konnten nicht gelesen werden.	Alguns detalhes de uma verificação não puderam ser lidos.	Alcuni dettagli di un controllo non si sono potuti leggere.
A check with missing details can look fine when it isn't.	Una comprobación con datos que faltan puede parecer correcta sin serlo.	Une vérification incomplète peut sembler correcte alors qu'elle ne l'est pas.	Eine Prüfung mit fehlenden Angaben kann gut aussehen, obwohl sie es nicht ist.	Uma verificação com detalhes faltando pode parecer boa sem estar.	Un controllo con dettagli mancanti può sembrare a posto senza esserlo.
Nothing to do. Check again, or ask someone you trust to take a look.	No hay nada que hacer. Vuelve a comprobar o pide a alguien de confianza que lo revise.	Rien à faire. Vérifiez à nouveau, ou demandez à une personne de confiance d'y jeter un œil.	Nichts zu tun. Prüfe erneut oder bitte jemanden, dem du vertraust, einen Blick darauf zu werfen.	Não há nada a fazer. Verifique de novo ou peça a alguém de confiança para dar uma olhada.	Non c'è nulla da fare. Ripeti la verifica o chiedi a una persona fidata di dare un'occhiata.
How your PC looks up website names on the network.	Cómo busca tu PC los nombres de sitios web en la red.	La façon dont votre PC cherche les noms de sites web sur le réseau.	Wie dein PC Namen von Websites im Netzwerk nachschlägt.	Como seu PC procura os nomes de sites na rede.	Come il tuo PC cerca i nomi dei siti web in rete.
A wrong lookup setup can send you to the wrong website or stop pages from loading.	Una configuración de búsqueda errónea puede llevarte al sitio equivocado o impedir que carguen las páginas.	Une mauvaise configuration peut vous envoyer sur le mauvais site ou empêcher le chargement des pages.	Eine falsche Einrichtung kann dich auf die falsche Website führen oder das Laden von Seiten verhindern.	Uma configuração errada pode levar você ao site errado ou impedir o carregamento das páginas.	Una configurazione sbagliata può portarti al sito sbagliato o impedire il caricamento delle pagine.
Which servers your PC asks to turn website names into addresses.	A qué servidores pregunta tu PC para convertir nombres de sitios web en direcciones.	Les serveurs que votre PC interroge pour transformer les noms de sites en adresses.	Welche Server dein PC fragt, um Website-Namen in Adressen umzuwandeln.	Quais servidores seu PC consulta para transformar nomes de sites em endereços.	Quali server interroga il tuo PC per trasformare i nomi dei siti in indirizzi.
If someone changes them, you could be sent to a fake copy of your bank or a shop.	Si alguien los cambia, podrían llevarte a una copia falsa de tu banco o de una tienda.	Si quelqu'un les modifie, vous pourriez être envoyé vers une fausse copie de votre banque ou d'une boutique.	Ändert jemand sie, könntest du auf eine gefälschte Kopie deiner Bank oder eines Shops geleitet werden.	Se alguém os alterar, você poderia ser levado a uma cópia falsa do seu banco ou de uma loja.	Se qualcuno li cambia, potresti finire su una copia falsa della tua banca o di un negozio.
Nothing to do unless you didn't set these. If unsure, ask someone you trust to check.	No hay nada que hacer a menos que no los hayas configurado tú. Si dudas, pide a alguien de confianza que lo revise.	Rien à faire sauf si ce n'est pas vous qui les avez réglés. En cas de doute, demandez à une personne de confiance.	Nichts zu tun, außer du hast sie nicht selbst gesetzt. Bist du unsicher, bitte jemanden, dem du vertraust, nachzusehen.	Não há nada a fazer, a menos que não tenha sido você a configurá-los. Em caso de dúvida, peça a alguém de confiança.	Non c'è nulla da fare, a meno che non li abbia impostati tu. Se hai dubbi, chiedi a una persona fidata di controllare.
Apps in your Downloads, Desktop or Temp folders that the firewall lets receive connections.	Apps de tus carpetas Descargas, Escritorio o Temp a las que el cortafuegos permite recibir conexiones.	Des applis de vos dossiers Téléchargements, Bureau ou Temp que le pare-feu laisse recevoir des connexions.	Apps in deinen Ordnern Downloads, Desktop oder Temp, denen die Firewall Verbindungen erlaubt.	Apps nas suas pastas Downloads, Área de Trabalho ou Temp que o firewall deixa receber conexões.	App nelle tue cartelle Download, Desktop o Temp a cui il firewall permette di ricevere connessioni.
A harmful program you downloaded could accept connections from the internet.	Un programa dañino que descargaste podría aceptar conexiones desde internet.	Un programme malveillant téléchargé pourrait accepter des connexions depuis Internet.	Ein heruntergeladenes schädliches Programm könnte Verbindungen aus dem Internet annehmen.	Um programa nocivo que você baixou poderia aceitar conexões da internet.	Un programma dannoso che hai scaricato potrebbe accettare connessioni da internet.
Open the firewall rules and remove any for apps you don't recognize. Some games may need one.	Abre las reglas del cortafuegos y quita las de apps que no reconozcas. Algunos juegos pueden necesitar una.	Ouvrez les règles du pare-feu et supprimez celles d'applis inconnues. Certains jeux peuvent en avoir besoin.	Öffne die Firewall-Regeln und entferne die für Apps, die du nicht kennst. Manche Spiele brauchen eine.	Abra as regras do firewall e remova as de apps que você não reconhece. Alguns jogos podem precisar de uma.	Apri le regole del firewall e rimuovi quelle di app che non riconosci. Alcuni giochi possono averne bisogno.
Whether a company or school manages this PC and its settings.	Si una empresa o escuela gestiona este PC y sus ajustes.	Si une entreprise ou une école gère ce PC et ses paramètres.	Ob eine Firma oder Schule diesen PC und seine Einstellungen verwaltet.	Se uma empresa ou escola gerencia este PC e suas configurações.	Se un'azienda o una scuola gestisce questo PC e le sue impostazioni.
A managed PC can have its settings changed or locked by someone else.	Un PC gestionado puede tener sus ajustes cambiados o bloqueados por otra persona.	Un PC géré peut voir ses paramètres modifiés ou verrouillés par quelqu'un d'autre.	Bei einem verwalteten PC kann jemand anderes die Einstellungen ändern oder sperren.	Em um PC gerenciado, outra pessoa pode alterar ou bloquear as configurações.	Su un PC gestito, le impostazioni possono essere cambiate o bloccate da qualcun altro.
Nothing to do. If you're not sure who manages it, look at work or school accounts in Settings.	No hay nada que hacer. Si no sabes quién lo gestiona, revisa las cuentas del trabajo o la escuela en Configuración.	Rien à faire. Si vous ne savez pas qui le gère, consultez les comptes professionnels ou scolaires dans les Paramètres.	Nichts zu tun. Wenn du nicht weißt, wer ihn verwaltet, sieh in den Einstellungen bei den Geschäfts- oder Schulkonten nach.	Não há nada a fazer. Se não souber quem o gerencia, veja as contas de trabalho ou escola nas Configurações.	Non c'è nulla da fare. Se non sai chi lo gestisce, guarda gli account di lavoro o scuola nelle Impostazioni.
A small file on your PC that can force a website name to go somewhere else.	Un archivo pequeño de tu PC que puede obligar a que el nombre de un sitio web lleve a otro lugar.	Un petit fichier de votre PC qui peut forcer un nom de site web à pointer ailleurs.	Eine kleine Datei auf deinem PC, die einen Website-Namen an eine andere Stelle umleiten kann.	Um pequeno arquivo no seu PC que pode forçar o nome de um site a ir para outro lugar.	Un piccolo file sul tuo PC che può far puntare il nome di un sito da un'altra parte.
Malware can use it to send you to a fake bank website or to block your antivirus updates.	Un malware puede usarlo para enviarte a un banco falso o para bloquear las actualizaciones de tu antivirus.	Un logiciel malveillant peut l'utiliser pour vous envoyer vers une fausse banque ou bloquer les mises à jour de votre antivirus.	Schadsoftware kann es nutzen, um dich auf eine falsche Bank-Website zu leiten oder Antivirus-Updates zu blockieren.	Um malware pode usá-lo para levar você a um site de banco falso ou bloquear as atualizações do antivírus.	Un malware può usarlo per mandarti su un finto sito bancario o bloccare gli aggiornamenti dell'antivirus.
Ask someone you trust to look at the file and reset it to the Windows default if you didn't edit it.	Pide a alguien de confianza que revise el archivo y lo restablezca al valor de Windows si no lo editaste tú.	Demandez à une personne de confiance d'examiner le fichier et de le remettre par défaut si vous ne l'avez pas modifié.	Bitte jemanden, dem du vertraust, die Datei anzusehen und auf den Windows-Standard zurückzusetzen, wenn du sie nicht bearbeitet hast.	Peça a alguém de confiança para olhar o arquivo e restaurar o padrão do Windows se você não o editou.	Chiedi a una persona fidata di guardare il file e di ripristinarlo al predefinito di Windows se non l'hai modificato tu.
A list of the network connections on this PC, like Wi-Fi and cable.	Una lista de las conexiones de red de este PC, como Wi-Fi y cable.	La liste des connexions réseau de ce PC, comme le Wi-Fi et le câble.	Eine Liste der Netzwerkverbindungen dieses PCs, wie WLAN und Kabel.	Uma lista das conexões de rede deste PC, como Wi-Fi e cabo.	Un elenco delle connessioni di rete di questo PC, come Wi-Fi e cavo.
An unexpected connection can be a way for someone to reach your PC.	Una conexión inesperada puede ser una vía para que alguien llegue a tu PC.	Une connexion inattendue peut être un moyen pour quelqu'un d'atteindre votre PC.	Eine unerwartete Verbindung kann ein Weg sein, auf dem jemand deinen PC erreicht.	Uma conexão inesperada pode ser um caminho para alguém chegar ao seu PC.	Una connessione inattesa può essere una via per raggiungere il tuo PC.
Whether your network connections are up.	Si tus conexiones de red están activas.	Si vos connexions réseau sont actives.	Ob deine Netzwerkverbindungen aktiv sind.	Se suas conexões de rede estão ativas.	Se le tue connessioni di rete sono attive.
A connection that is down can leave you offline and unable to get updates.	Una conexión caída puede dejarte sin internet y sin poder recibir actualizaciones.	Une connexion coupée peut vous laisser hors ligne, sans mises à jour.	Eine unterbrochene Verbindung kann dich offline lassen, ohne Updates.	Uma conexão caída pode deixar você offline e sem receber atualizações.	Una connessione interrotta può lasciarti offline e senza aggiornamenti.
Nothing to do. Check your cable or Wi-Fi if you can't get online.	No hay nada que hacer. Revisa el cable o la Wi-Fi si no puedes conectarte.	Rien à faire. Vérifiez votre câble ou votre Wi-Fi si vous ne pouvez pas vous connecter.	Nichts zu tun. Prüfe Kabel oder WLAN, wenn du nicht online kommst.	Não há nada a fazer. Verifique o cabo ou a Wi-Fi se não conseguir se conectar.	Non c'è nulla da fare. Controlla il cavo o la Wi-Fi se non riesci a collegarti.
Whether Windows thinks a drive wasn't shut down properly and may have file errors.	Si Windows cree que una unidad no se cerró bien y puede tener errores de archivos.	Si Windows pense qu'un disque n'a pas été arrêté correctement et peut contenir des erreurs.	Ob Windows denkt, dass ein Laufwerk nicht ordnungsgemäß heruntergefahren wurde und Dateifehler haben kann.	Se o Windows acha que uma unidade não foi desligada corretamente e pode ter erros de arquivo.	Se Windows pensa che un'unità non sia stata spenta correttamente e possa avere errori nei file.
Hidden errors can grow and end up damaging or losing files.	Los errores ocultos pueden crecer y acabar dañando o perdiendo archivos.	Des erreurs cachées peuvent s'aggraver et finir par endommager ou perdre des fichiers.	Versteckte Fehler können wachsen und am Ende Dateien beschädigen oder verlieren.	Erros ocultos podem crescer e acabar danificando ou perdendo arquivos.	Errori nascosti possono crescere e finire per danneggiare o far perdere file.
Restart your PC. If it still shows, ask Windows to check the drive for errors.	Reinicia el PC. Si sigue apareciendo, pide a Windows que revise la unidad en busca de errores.	Redémarrez votre PC. Si cela persiste, demandez à Windows de vérifier les erreurs du disque.	Starte den PC neu. Erscheint es weiter, lass Windows das Laufwerk auf Fehler prüfen.	Reinicie o PC. Se continuar aparecendo, peça ao Windows para verificar erros na unidade.	Riavvia il PC. Se compare ancora, chiedi a Windows di controllare gli errori dell'unità.
How much free room is left on your drives.	Cuánto espacio libre queda en tus unidades.	La place libre qu'il reste sur vos disques.	Wie viel freier Platz auf deinen Laufwerken übrig ist.	Quanto espaço livre resta nas suas unidades.	Quanto spazio libero resta sulle tue unità.
A nearly full drive can stop updates and fixes from finishing and slow your PC down.	Un disco casi lleno puede impedir que terminen las actualizaciones y correcciones y ralentizar el PC.	Un disque presque plein peut empêcher mises à jour et correctifs de se terminer et ralentir votre PC.	Ein fast volles Laufwerk kann Updates und Korrekturen am Abschluss hindern und den PC verlangsamen.	Um disco quase cheio pode impedir que atualizações e correções terminem e deixar o PC lento.	Un disco quasi pieno può impedire il completamento di aggiornamenti e correzioni e rallentare il PC.
Free up some space by removing files and apps you don't use.	Libera espacio quitando archivos y apps que no uses.	Libérez de la place en supprimant les fichiers et applis inutilisés.	Schaffe Platz, indem du Dateien und Apps entfernst, die du nicht nutzt.	Libere espaço removendo arquivos e apps que você não usa.	Libera spazio rimuovendo file e app che non usi.
A list of the drives in this PC.	Una lista de las unidades de este PC.	La liste des disques de ce PC.	Eine Liste der Laufwerke in diesem PC.	Uma lista das unidades deste PC.	Un elenco delle unità di questo PC.
Without the list, we can't see whether a drive has errors or little space.	Sin la lista, no podemos ver si una unidad tiene errores o poco espacio.	Sans la liste, nous ne pouvons pas voir si un disque a des erreurs ou peu de place.	Ohne die Liste können wir nicht sehen, ob ein Laufwerk Fehler hat oder fast voll ist.	Sem a lista, não podemos ver se uma unidade tem erros ou pouco espaço.	Senza l'elenco non possiamo vedere se un'unità ha errori o poco spazio.
How long your current version of Windows 11 keeps getting security fixes.	Durante cuánto tiempo tu versión actual de Windows 11 sigue recibiendo correcciones de seguridad.	Combien de temps votre version actuelle de Windows 11 reçoit encore des correctifs de sécurité.	Wie lange deine aktuelle Windows-11-Version noch Sicherheitskorrekturen bekommt.	Por quanto tempo sua versão atual do Windows 11 continua recebendo correções de segurança.	Per quanto tempo la tua versione attuale di Windows 11 continua a ricevere correzioni di sicurezza.
When it ends, new holes stay open and attackers go after PCs that never moved on.	Cuando termina, los nuevos fallos quedan abiertos y los atacantes van a por los PC que no se actualizaron.	Quand il s'arrête, les nouvelles failles restent ouvertes et les pirates visent les PC qui n'ont pas évolué.	Wenn er endet, bleiben neue Lücken offen, und Angreifer gehen auf PCs los, die nie gewechselt haben.	Quando termina, novas falhas ficam abertas e invasores atacam os PCs que nunca atualizaram.	Quando finisce, le nuove falle restano aperte e gli aggressori puntano ai PC che non sono mai passati oltre.
Open Windows Update and install the newest version. Back up your files first.	Abre Windows Update e instala la versión más reciente. Haz antes una copia de tus archivos.	Ouvrez Windows Update et installez la dernière version. Sauvegardez d'abord vos fichiers.	Öffne Windows Update und installiere die neueste Version. Sichere vorher deine Dateien.	Abra o Windows Update e instale a versão mais recente. Faça backup dos seus arquivos antes.	Apri Windows Update e installa la versione più recente. Prima fai un backup dei tuoi file.
Whether important Windows services can be changed by people who shouldn't be able to.	Si personas que no deberían poder cambiar servicios importantes de Windows pueden hacerlo.	Si des personnes qui ne devraient pas pouvoir modifier des services Windows importants le peuvent.	Ob wichtige Windows-Dienste von Leuten geändert werden können, die das nicht dürfen sollten.	Se serviços importantes do Windows podem ser alterados por quem não deveria.	Se servizi importanti di Windows possono essere modificati da chi non dovrebbe.
Nothing to do. We can't prove this from here, so a fix is shown only when we are sure.	No hay nada que hacer. No podemos demostrarlo desde aquí, así que solo mostramos una corrección cuando estamos seguros.	Rien à faire. Nous ne pouvons pas le prouver d'ici, donc une correction n'est proposée que si nous sommes sûrs.	Nichts zu tun. Wir können das von hier nicht beweisen, daher zeigen wir eine Korrektur nur, wenn wir sicher sind.	Não há nada a fazer. Não podemos provar isso daqui, então só mostramos uma correção quando temos certeza.	Non c'è nulla da fare. Da qui non possiamo dimostrarlo, quindi mostriamo una correzione solo quando siamo sicuri.
A list of important Windows services and who may change them.	Una lista de servicios importantes de Windows y de quién puede modificarlos.	La liste des services Windows importants et de qui peut les modifier.	Eine Liste wichtiger Windows-Dienste und wer sie ändern darf.	Uma lista de serviços importantes do Windows e de quem pode alterá-los.	Un elenco dei servizi importanti di Windows e di chi può modificarli.
If a service is too open, a harmful program could take it over.	Si un servicio está demasiado abierto, un programa dañino podría tomar el control.	Si un service est trop ouvert, un programme malveillant pourrait en prendre le contrôle.	Ist ein Dienst zu offen, könnte ein schädliches Programm ihn übernehmen.	Se um serviço estiver aberto demais, um programa nocivo poderia assumi-lo.	Se un servizio è troppo aperto, un programma dannoso potrebbe prenderne il controllo.
Hidden tasks that Windows can run in the background without a start-up entry.	Tareas ocultas que Windows puede ejecutar en segundo plano sin una entrada de inicio.	Des tâches cachées que Windows peut exécuter en arrière-plan sans entrée de démarrage.	Versteckte Aufgaben, die Windows im Hintergrund ausführen kann, ohne Starteintrag.	Tarefas ocultas que o Windows pode executar em segundo plano sem uma entrada de inicialização.	Attività nascoste che Windows può eseguire in background senza una voce di avvio.
Malware can hide in them and start again every time you turn on your PC.	Un malware puede esconderse en ellas y volver a iniciarse cada vez que enciendes el PC.	Un logiciel malveillant peut s'y cacher et redémarrer à chaque allumage de votre PC.	Schadsoftware kann sich darin verstecken und bei jedem Einschalten deines PCs neu starten.	Um malware pode se esconder nelas e iniciar de novo toda vez que você liga o PC.	Un malware può nascondersi lì e riavviarsi ogni volta che accendi il PC.
Ask someone you trust to look before anything is removed. Some work or hardware tools use them on purpose.	Pide a alguien de confianza que lo revise antes de quitar nada. Algunas herramientas de trabajo o de hardware las usan a propósito.	Demandez à une personne de confiance d'examiner avant de supprimer quoi que ce soit. Certains outils professionnels ou matériels s'en servent volontairement.	Bitte jemanden, dem du vertraust, nachzusehen, bevor etwas entfernt wird. Manche Arbeits- oder Hardware-Tools nutzen sie absichtlich.	Peça a alguém de confiança para olhar antes de remover qualquer coisa. Algumas ferramentas de trabalho ou de hardware as usam de propósito.	Chiedi a una persona fidata di guardare prima di rimuovere qualcosa. Alcuni strumenti di lavoro o hardware le usano di proposito.
A starting summary of how well this PC is protected.	Un resumen inicial de lo bien protegido que está este PC.	Un résumé de départ de la protection de ce PC.	Eine erste Zusammenfassung, wie gut dieser PC geschützt ist.	Um resumo inicial de quão bem este PC está protegido.	Un riepilogo iniziale di quanto sia protetto questo PC.
Without a starting point, it's harder to see what changed later.	Sin un punto de partida, es más difícil ver qué cambió después.	Sans point de départ, il est plus difficile de voir ce qui a changé ensuite.	Ohne Ausgangspunkt ist es schwerer zu sehen, was sich später geändert hat.	Sem um ponto de partida, é mais difícil ver o que mudou depois.	Senza un punto di partenza è più difficile vedere cosa è cambiato in seguito.
Nothing to do. This is a summary for information only.	No hay nada que hacer. Es solo un resumen informativo.	Rien à faire. Il s'agit d'un simple résumé à titre d'information.	Nichts zu tun. Das ist nur eine Zusammenfassung zur Information.	Não há nada a fazer. É apenas um resumo informativo.	Non c'è nulla da fare. È solo un riepilogo informativo.
Whether your PC sends internet traffic through another computer first.	Si tu PC envía el tráfico de internet a través de otro equipo primero.	Si votre PC fait passer son trafic Internet par un autre ordinateur d'abord.	Ob dein PC den Internetverkehr zuerst über einen anderen Computer leitet.	Se seu PC envia o tráfego de internet por outro computador antes.	Se il tuo PC invia prima il traffico internet attraverso un altro computer.
Someone who controls that computer could watch or change what you see online.	Quien controle ese equipo podría ver o cambiar lo que ves en internet.	Quiconque contrôle cet ordinateur pourrait observer ou modifier ce que vous voyez en ligne.	Wer diesen Computer kontrolliert, könnte beobachten oder ändern, was du online siehst.	Quem controla esse computador poderia observar ou alterar o que você vê online.	Chi controlla quel computer potrebbe osservare o cambiare ciò che vedi online.
Nothing to do unless you didn't set it up. If unsure, ask someone you trust.	No hay nada que hacer a menos que no lo hayas configurado tú. Si dudas, pregunta a alguien de confianza.	Rien à faire sauf si ce n'est pas vous qui l'avez réglé. En cas de doute, demandez à une personne de confiance.	Nichts zu tun, außer du hast es nicht selbst eingerichtet. Bist du unsicher, frage jemanden, dem du vertraust.	Não há nada a fazer, a menos que não tenha sido você a configurar. Em caso de dúvida, pergunte a alguém de confiança.	Non c'è nulla da fare, a meno che non l'abbia impostato tu. Se hai dubbi, chiedi a una persona fidata.
A very old version of a Windows tool that is still installed.	Una versión muy antigua de una herramienta de Windows que sigue instalada.	Une très ancienne version d'un outil Windows qui est toujours installée.	Eine sehr alte Version eines Windows-Werkzeugs, die noch installiert ist.	Uma versão muito antiga de uma ferramenta do Windows que ainda está instalada.	Una versione molto vecchia di uno strumento di Windows che è ancora installata.
Attackers like it because it skips modern safety checks and leaves little trace.	A los atacantes les gusta porque se salta las comprobaciones de seguridad modernas y deja poco rastro.	Les pirates l'aiment car il contourne les contrôles de sécurité modernes et laisse peu de traces.	Angreifer mögen es, weil es moderne Sicherheitsprüfungen umgeht und kaum Spuren hinterlässt.	Invasores gostam dele porque ele pula as verificações de segurança modernas e deixa pouco rastro.	Piace agli aggressori perché salta i moderni controlli di sicurezza e lascia poche tracce.
Remove it in Windows Features unless an old script of yours needs it.	Quítalo en Características de Windows, salvo que un script antiguo tuyo lo necesite.	Supprimez-le dans les Fonctionnalités Windows, sauf si un ancien script de vous en a besoin.	Entferne es in den Windows-Features, es sei denn, ein altes Skript von dir braucht es.	Remova nos Recursos do Windows, a menos que um script antigo seu precise dele.	Rimuovilo in Funzionalità di Windows, a meno che un tuo vecchio script ne abbia bisogno.
Whether your PC is waiting for remote desktop connections right now.	Si tu PC está esperando ahora conexiones de escritorio remoto.	Si votre PC attend en ce moment des connexions de bureau à distance.	Ob dein PC gerade auf Remotedesktop-Verbindungen wartet.	Se seu PC está esperando conexões de área de trabalho remota agora.	Se il tuo PC è in attesa di connessioni desktop remoto in questo momento.
A PC that listens can be reached from elsewhere by someone who guesses the password.	Un PC que escucha puede ser alcanzado desde otro lugar por quien adivine la contraseña.	Un PC qui écoute peut être atteint de l'extérieur par quelqu'un qui devine le mot de passe.	Ein PC, der lauscht, kann von jemandem erreicht werden, der das Passwort errät.	Um PC que fica escutando pode ser alcançado de fora por quem adivinhar a senha.	Un PC in ascolto può essere raggiunto da fuori da chi indovina la password.
Nothing to do here. Switch off remote access in Settings if you don't use it.	No hay nada que hacer aquí. Desactiva el acceso remoto en Configuración si no lo usas.	Rien à faire ici. Désactivez l'accès à distance dans les Paramètres si vous ne l'utilisez pas.	Hier ist nichts zu tun. Schalte den Fernzugriff in den Einstellungen aus, wenn du ihn nicht nutzt.	Não há nada a fazer aqui. Desative o acesso remoto nas Configurações se você não o usa.	Non c'è nulla da fare qui. Disattiva l'accesso remoto nelle Impostazioni se non lo usi.
A sign-in step that must happen before a remote connection to your PC is fully allowed.	Un paso de inicio de sesión que debe darse antes de permitir del todo una conexión remota a tu PC.	Une étape de connexion qui doit avoir lieu avant qu'une connexion à distance vers votre PC soit pleinement autorisée.	Ein Anmeldeschritt, der vor einer Fernverbindung zu deinem PC stattfinden muss.	Uma etapa de login que precisa acontecer antes de uma conexão remota ao seu PC ser totalmente permitida.	Un passaggio di accesso che deve avvenire prima che una connessione remota al tuo PC sia pienamente consentita.
Without it, strangers get closer to your PC before they have to prove who they are.	Sin él, los desconocidos se acercan más a tu PC antes de tener que demostrar quiénes son.	Sans elle, des inconnus s'approchent davantage de votre PC avant de devoir prouver qui ils sont.	Ohne ihn kommen Fremde näher an deinen PC heran, bevor sie sich ausweisen müssen.	Sem ela, estranhos chegam mais perto do seu PC antes de precisar provar quem são.	Senza di esso, gli sconosciuti si avvicinano di più al tuo PC prima di dover dimostrare chi sono.
If you use remote access, keep this step on. You'll find it in System settings under Remote Desktop.	Si usas el acceso remoto, mantén este paso activado. Está en Sistema, en Escritorio remoto.	Si vous utilisez l'accès à distance, gardez cette étape activée. Elle se trouve dans Système, sous Bureau à distance.	Nutzt du den Fernzugriff, lass diesen Schritt eingeschaltet. Du findest ihn unter System beim Remotedesktop.	Se você usa acesso remoto, mantenha essa etapa ativada. Ela fica em Sistema, em Área de Trabalho Remota.	Se usi l'accesso remoto, lascia attivo questo passaggio. Lo trovi in Sistema, sotto Desktop remoto.
Whether other people can sign in to this PC from far away.	Si otras personas pueden iniciar sesión en este PC desde lejos.	Si d'autres personnes peuvent se connecter à ce PC de loin.	Ob andere Leute sich aus der Ferne an diesem PC anmelden können.	Se outras pessoas podem entrar neste PC de longe.	Se altre persone possono accedere a questo PC da lontano.
Strangers could keep trying passwords from anywhere on the network or the internet.	Desconocidos podrían seguir probando contraseñas desde cualquier lugar de la red o de internet.	Des inconnus pourraient essayer des mots de passe sans fin, depuis n'importe où sur le réseau ou Internet.	Fremde könnten von überall im Netzwerk oder Internet immer wieder Passwörter ausprobieren.	Estranhos poderiam ficar testando senhas de qualquer lugar da rede ou da internet.	Degli sconosciuti potrebbero provare password senza sosta da qualsiasi punto della rete o di internet.
Switch off remote access in Settings if you don't use it.	Desactiva el acceso remoto en Configuración si no lo usas.	Désactivez l'accès à distance dans les Paramètres si vous ne l'utilisez pas.	Schalte den Fernzugriff in den Einstellungen aus, wenn du ihn nicht nutzt.	Desative o acesso remoto nas Configurações se você não o usa.	Disattiva l'accesso remoto nelle Impostazioni se non lo usi.
Background programs whose file location is written in a way Windows can misread.	Programas en segundo plano cuya ubicación está escrita de un modo que Windows puede interpretar mal.	Des programmes en arrière-plan dont l'emplacement est écrit d'une façon que Windows peut mal interpréter.	Hintergrundprogramme, deren Dateipfad so geschrieben ist, dass Windows ihn falsch lesen kann.	Programas em segundo plano cujo local de arquivo está escrito de um jeito que o Windows pode ler errado.	Programmi in background il cui percorso è scritto in un modo che Windows può leggere male.
A harmful file placed in the wrong spot could be started instead, with full power.	Un archivo dañino colocado en el sitio equivocado podría iniciarse en su lugar, con todos los poderes.	Un fichier malveillant placé au mauvais endroit pourrait être lancé à sa place, avec tous les droits.	Eine schädliche Datei an der falschen Stelle könnte stattdessen gestartet werden, mit voller Macht.	Um arquivo nocivo colocado no lugar errado poderia ser iniciado no lugar, com poder total.	Un file dannoso messo nel posto sbagliato potrebbe essere avviato al suo posto, con pieno potere.
Ask the software maker or someone you trust to fix it. Secblitz doesn't change these.	Pide al fabricante del software o a alguien de confianza que lo corrija. Secblitz no cambia esto.	Demandez à l'éditeur du logiciel ou à une personne de confiance de le corriger. Secblitz ne modifie pas cela.	Bitte den Softwarehersteller oder jemanden, dem du vertraust, es zu beheben. Secblitz ändert das nicht.	Peça ao fabricante do software ou a alguém de confiança para corrigir. O Secblitz não altera isso.	Chiedi al produttore del software o a una persona fidata di correggerlo. Secblitz non modifica questi elementi.
Smart App Control blocks apps that Microsoft doesn't know or doesn't trust.	Smart App Control bloquea las apps que Microsoft no conoce o en las que no confía.	Smart App Control bloque les applis que Microsoft ne connaît pas ou ne juge pas fiables.	Smart App Control blockiert Apps, die Microsoft nicht kennt oder denen es nicht vertraut.	O Smart App Control bloqueia apps que a Microsoft não conhece ou em que não confia.	Smart App Control blocca le app che Microsoft non conosce o di cui non si fida.
Without it, apps nobody has vetted can run freely on your PC.	Sin él, las apps que nadie ha revisado pueden ejecutarse libremente en tu PC.	Sans lui, des applis que personne n'a vérifiées peuvent s'exécuter librement sur votre PC.	Ohne ihn können Apps, die niemand geprüft hat, auf deinem PC frei laufen.	Sem ele, apps que ninguém verificou podem rodar livremente no seu PC.	Senza di esso, le app che nessuno ha verificato possono girare liberamente sul tuo PC.
Nothing to do. Once it's off it can't be turned back on without reinstalling Windows, so we never change it.	No hay nada que hacer. Una vez desactivado no se puede reactivar sin reinstalar Windows, así que nunca lo cambiamos.	Rien à faire. Une fois désactivé, il ne peut être réactivé qu'en réinstallant Windows ; nous ne le modifions donc jamais.	Nichts zu tun. Einmal aus, lässt es sich nur durch eine Neuinstallation von Windows wieder einschalten, darum ändern wir es nie.	Não há nada a fazer. Depois de desligado, não dá para reativar sem reinstalar o Windows, então nunca o alteramos.	Non c'è nulla da fare. Una volta disattivato non si riattiva senza reinstallare Windows, quindi non lo cambiamo mai.
Warnings for unknown apps and downloads.	Advertencias para apps y descargas desconocidas.	Des avertissements pour les applis et téléchargements inconnus.	Warnungen vor unbekannten Apps und Downloads.	Avisos para apps e downloads desconhecidos.	Avvisi per app e download sconosciuti.
You could run a harmful download with no warning at all.	Podrías ejecutar una descarga dañina sin ninguna advertencia.	Vous pourriez lancer un téléchargement dangereux sans aucun avertissement.	Du könntest einen schädlichen Download ganz ohne Warnung ausführen.	Você poderia executar um download nocivo sem nenhum aviso.	Potresti eseguire un download dannoso senza alcun avviso.
Open Windows Security, App and browser control, and turn the warnings on.	Abre Seguridad de Windows, Control de aplicaciones y navegador, y activa las advertencias.	Ouvrez Sécurité Windows, Contrôle des applis et du navigateur, et activez les avertissements.	Öffne die Windows-Sicherheit, App- und Browsersteuerung, und schalte die Warnungen ein.	Abra a Segurança do Windows, Controle de aplicativos e navegador, e ative os avisos.	Apri Sicurezza di Windows, Controllo app e browser, e attiva gli avvisi.
A setting that has turned off your browser's warnings about dangerous websites.	Un ajuste que ha desactivado las advertencias de tu navegador sobre sitios web peligrosos.	Un réglage qui a désactivé les avertissements de votre navigateur sur les sites dangereux.	Eine Einstellung, die die Warnungen deines Browsers vor gefährlichen Websites abgeschaltet hat.	Uma configuração que desligou os avisos do seu navegador sobre sites perigosos.	Un'impostazione che ha disattivato gli avvisi del tuo browser sui siti web pericolosi.
You could visit scam and virus websites without any warning.	Podrías visitar sitios de estafas y virus sin ninguna advertencia.	Vous pourriez visiter des sites d'arnaque ou de virus sans aucun avertissement.	Du könntest Betrugs- und Virus-Websites ohne jede Warnung besuchen.	Você poderia visitar sites de golpe e vírus sem nenhum aviso.	Potresti visitare siti truffa e con virus senza alcun avviso.
If you didn't set this, ask whoever set up your PC. Otherwise, switch the warnings on in your browser.	Si no lo configuraste tú, pregunta a quien preparó tu PC. Si no, activa las advertencias en tu navegador.	Si ce n'est pas vous, demandez à la personne qui a configuré votre PC. Sinon, réactivez les avertissements dans le navigateur.	Hast du das nicht gesetzt, frage die Person, die deinen PC eingerichtet hat. Sonst schalte die Warnungen im Browser ein.	Se não foi você quem configurou, pergunte a quem preparou seu PC. Senão, ative os avisos no navegador.	Se non l'hai impostato tu, chiedi a chi ha configurato il tuo PC. Altrimenti riattiva gli avvisi nel browser.
Whether your PC checks that replies from shared folders really come from the right computer.	Si tu PC comprueba que las respuestas de las carpetas compartidas vienen realmente del equipo correcto.	Si votre PC vérifie que les réponses des dossiers partagés viennent bien du bon ordinateur.	Ob dein PC prüft, dass Antworten von Netzwerkfreigaben wirklich vom richtigen Computer kommen.	Se seu PC verifica que as respostas de pastas compartilhadas vêm mesmo do computador certo.	Se il tuo PC verifica che le risposte delle cartelle condivise vengano davvero dal computer giusto.
Someone on your network could slip in between your PC and a shared folder and change what you receive.	Alguien en tu red podría colarse entre tu PC y una carpeta compartida y cambiar lo que recibes.	Quelqu'un sur votre réseau pourrait s'interposer entre votre PC et un dossier partagé et modifier ce que vous recevez.	Jemand in deinem Netzwerk könnte sich zwischen deinen PC und eine Freigabe schalten und ändern, was du erhältst.	Alguém na sua rede poderia se meter entre seu PC e uma pasta compartilhada e alterar o que você recebe.	Qualcuno nella tua rete potrebbe inserirsi tra il tuo PC e una cartella condivisa e cambiare ciò che ricevi.
Nothing to do here. Turning it on can stop very old network drives from connecting.	No hay nada que hacer aquí. Activarlo puede impedir que se conecten unidades de red muy antiguas.	Rien à faire ici. L'activer peut empêcher la connexion de disques réseau très anciens.	Hier ist nichts zu tun. Das Einschalten kann verhindern, dass sehr alte Netzlaufwerke sich verbinden.	Não há nada a fazer aqui. Ativar pode impedir que unidades de rede muito antigas se conectem.	Non c'è nulla da fare qui. Attivarlo può impedire il collegamento di unità di rete molto vecchie.
Whether your PC allows file sharing with no real sign-in.	Si tu PC permite compartir archivos sin un inicio de sesión real.	Si votre PC autorise le partage de fichiers sans véritable connexion.	Ob dein PC Dateifreigabe ohne echte Anmeldung erlaubt.	Se seu PC permite compartilhar arquivos sem um login de verdade.	Se il tuo PC consente la condivisione file senza un vero accesso.
A stranger on the network could open shared files without a password.	Un desconocido en la red podría abrir archivos compartidos sin contraseña.	Un inconnu sur le réseau pourrait ouvrir des fichiers partagés sans mot de passe.	Ein Fremder im Netzwerk könnte freigegebene Dateien ohne Passwort öffnen.	Um estranho na rede poderia abrir arquivos compartilhados sem senha.	Uno sconosciuto in rete potrebbe aprire file condivisi senza password.
Nothing to do here. Switching it off can stop very old devices that share without a password from connecting.	No hay nada que hacer aquí. Desactivarlo puede impedir que se conecten dispositivos muy antiguos que comparten sin contraseña.	Rien à faire ici. Le désactiver peut empêcher la connexion d'appareils très anciens qui partagent sans mot de passe.	Hier ist nichts zu tun. Das Ausschalten kann sehr alte Geräte, die ohne Passwort teilen, am Verbinden hindern.	Não há nada a fazer aqui. Desativar pode impedir que dispositivos muito antigos que compartilham sem senha se conectem.	Non c'è nulla da fare qui. Disattivarlo può impedire il collegamento di dispositivi molto vecchi che condividono senza password.
Whether your PC is waiting for file sharing connections.	Si tu PC está esperando conexiones para compartir archivos.	Si votre PC attend des connexions de partage de fichiers.	Ob dein PC auf Verbindungen zur Dateifreigabe wartet.	Se seu PC está esperando conexões de compartilhamento de arquivos.	Se il tuo PC è in attesa di connessioni per la condivisione file.
A PC that listens for file sharing can be reached by other devices on the network.	Un PC que escucha para compartir archivos puede ser alcanzado por otros dispositivos de la red.	Un PC qui écoute pour le partage de fichiers peut être atteint par d'autres appareils du réseau.	Ein PC, der auf Dateifreigabe lauscht, kann von anderen Geräten im Netzwerk erreicht werden.	Um PC que escuta o compartilhamento de arquivos pode ser alcançado por outros dispositivos da rede.	Un PC in ascolto per la condivisione file può essere raggiunto da altri dispositivi della rete.
Nothing to do here. Turn off file sharing if you don't use it.	No hay nada que hacer aquí. Desactiva compartir archivos si no lo usas.	Rien à faire ici. Désactivez le partage de fichiers si vous ne l'utilisez pas.	Hier ist nichts zu tun. Schalte die Dateifreigabe aus, wenn du sie nicht nutzt.	Não há nada a fazer aqui. Desative o compartilhamento de arquivos se você não o usa.	Non c'è nulla da fare qui. Disattiva la condivisione file se non la usi.
Whether files you share on your network are scrambled while they travel.	Si los archivos que compartes en tu red viajan cifrados.	Si les fichiers que vous partagez sur votre réseau sont brouillés pendant leur trajet.	Ob Dateien, die du in deinem Netzwerk teilst, auf dem Weg verschlüsselt werden.	Se os arquivos que você compartilha na rede viajam embaralhados.	Se i file che condividi in rete vengono cifrati durante il tragitto.
Someone on the network could read shared files as they pass by.	Alguien en la red podría leer los archivos compartidos mientras pasan.	Quelqu'un sur le réseau pourrait lire les fichiers partagés au passage.	Jemand im Netzwerk könnte freigegebene Dateien mitlesen, während sie vorbeikommen.	Alguém na rede poderia ler os arquivos compartilhados enquanto passam.	Qualcuno in rete potrebbe leggere i file condivisi mentre passano.
For information only. Turning it on can stop older devices from connecting.	Solo informativo. Activarlo puede impedir que se conecten dispositivos más antiguos.	À titre d'information. L'activer peut empêcher la connexion d'appareils plus anciens.	Nur zur Information. Das Einschalten kann ältere Geräte am Verbinden hindern.	Apenas informativo. Ativar pode impedir que dispositivos mais antigos se conectem.	Solo a titolo informativo. Attivarlo può impedire il collegamento di dispositivi più vecchi.
Whether your PC proves its identity to others who connect to your shared files.	Si tu PC demuestra su identidad a quienes se conectan a tus archivos compartidos.	Si votre PC prouve son identité à ceux qui se connectent à vos fichiers partagés.	Ob dein PC sich gegenüber anderen, die sich mit deinen Freigaben verbinden, ausweist.	Se seu PC prova sua identidade a quem se conecta aos seus arquivos compartilhados.	Se il tuo PC dimostra la propria identità a chi si collega ai tuoi file condivisi.
Someone could pretend to be your PC, or change files on their way.	Alguien podría hacerse pasar por tu PC o cambiar archivos por el camino.	Quelqu'un pourrait se faire passer pour votre PC, ou modifier des fichiers en chemin.	Jemand könnte sich als dein PC ausgeben oder Dateien unterwegs verändern.	Alguém poderia se passar pelo seu PC ou alterar arquivos no caminho.	Qualcuno potrebbe fingersi il tuo PC o modificare i file durante il tragitto.
Nothing to do here. Turning it on can stop very old devices from connecting.	No hay nada que hacer aquí. Activarlo puede impedir que se conecten dispositivos muy antiguos.	Rien à faire ici. L'activer peut empêcher la connexion d'appareils très anciens.	Hier ist nichts zu tun. Das Einschalten kann sehr alte Geräte am Verbinden hindern.	Não há nada a fazer aqui. Ativar pode impedir que dispositivos muito antigos se conectem.	Non c'è nulla da fare qui. Attivarlo può impedire il collegamento di dispositivi molto vecchi.
Folders you share on your network that anyone can open.	Carpetas que compartes en tu red y que cualquiera puede abrir.	Des dossiers que vous partagez sur votre réseau et que n'importe qui peut ouvrir.	Ordner, die du in deinem Netzwerk teilst und die jeder öffnen kann.	Pastas que você compartilha na rede e que qualquer pessoa pode abrir.	Cartelle che condividi in rete e che chiunque può aprire.
Strangers on the same network could read or change the files in them.	Desconocidos en la misma red podrían leer o cambiar los archivos que contienen.	Des inconnus sur le même réseau pourraient lire ou modifier les fichiers qu'ils contiennent.	Fremde im selben Netzwerk könnten die Dateien darin lesen oder ändern.	Estranhos na mesma rede poderiam ler ou alterar os arquivos que há nelas.	Degli sconosciuti sulla stessa rete potrebbero leggere o modificare i file al loro interno.
Stop sharing folders you don't need, and avoid giving Everyone access.	Deja de compartir las carpetas que no necesites y evita dar acceso a Todos.	Arrêtez de partager les dossiers inutiles et évitez de donner l'accès à Tout le monde.	Beende die Freigabe von Ordnern, die du nicht brauchst, und gib nicht Jedem Zugriff.	Pare de compartilhar pastas de que não precisa e evite dar acesso a Todos.	Smetti di condividere le cartelle che non ti servono ed evita di dare accesso a Tutti.
An old way of sharing files and printers between PCs.	Una forma antigua de compartir archivos e impresoras entre PC.	Une ancienne méthode de partage de fichiers et d'imprimantes entre PC.	Eine alte Art, Dateien und Drucker zwischen PCs zu teilen.	Uma forma antiga de compartilhar arquivos e impressoras entre PCs.	Un vecchio modo di condividere file e stampanti tra PC.
Apps on this PC that no longer get safety updates from their maker.	Apps de este PC que ya no reciben actualizaciones de seguridad de su fabricante.	Des applis de ce PC qui ne reçoivent plus de mises à jour de sécurité de leur éditeur.	Apps auf diesem PC, die von ihrem Hersteller keine Sicherheitsupdates mehr bekommen.	Apps neste PC que não recebem mais atualizações de segurança do fabricante.	App di questo PC che non ricevono più aggiornamenti di sicurezza dal produttore.
Their known holes stay open for good, and attackers go after them.	Sus fallos conocidos quedan abiertos para siempre y los atacantes van a por ellos.	Leurs failles connues restent ouvertes pour de bon, et les pirates les visent.	Ihre bekannten Lücken bleiben für immer offen, und Angreifer nehmen sie ins Visier.	As falhas conhecidas deles ficam abertas para sempre, e invasores as exploram.	Le loro falle note restano aperte per sempre e gli aggressori le prendono di mira.
Remove them or switch to a newer version.	Quítalas o cambia a una versión más reciente.	Supprimez-les ou passez à une version plus récente.	Entferne sie oder wechsle zu einer neueren Version.	Remova-os ou troque por uma versão mais recente.	Rimuovile o passa a una versione più recente.
A list of the apps installed on this PC.	Una lista de las apps instaladas en este PC.	La liste des applis installées sur ce PC.	Eine Liste der auf diesem PC installierten Apps.	Uma lista dos apps instalados neste PC.	Un elenco delle app installate su questo PC.
Apps you forgot about can be out of date and open to attack.	Las apps que olvidaste pueden estar desactualizadas y expuestas a ataques.	Les applis oubliées peuvent être périmées et vulnérables aux attaques.	Vergessene Apps können veraltet und angreifbar sein.	Apps esquecidos podem estar desatualizados e abertos a ataques.	Le app dimenticate possono essere vecchie e vulnerabili agli attacchi.
Nothing to do here. Remove apps you don't use.	No hay nada que hacer aquí. Quita las apps que no uses.	Rien à faire ici. Supprimez les applis que vous n'utilisez pas.	Hier ist nichts zu tun. Entferne Apps, die du nicht nutzt.	Não há nada a fazer aqui. Remova os apps que você não usa.	Non c'è nulla da fare qui. Rimuovi le app che non usi.
Some apps can't be checked against their maker's support dates.	Algunas apps no se pueden comprobar con las fechas de soporte de su fabricante.	Certaines applis ne peuvent pas être comparées aux dates de support de leur éditeur.	Bei manchen Apps lässt sich nicht prüfen, wie lange der Hersteller sie unterstützt.	Alguns apps não podem ser verificados com as datas de suporte do fabricante.	Alcune app non possono essere confrontate con le date di supporto del produttore.
An old app we don't know about could still be missing safety updates.	Una app antigua que no conocemos podría seguir sin actualizaciones de seguridad.	Une vieille appli que nous ne connaissons pas pourrait ne plus recevoir de mises à jour de sécurité.	Eine alte App, die wir nicht kennen, bekommt womöglich keine Sicherheitsupdates mehr.	Um app antigo que não conhecemos ainda pode estar sem atualizações de segurança.	Una vecchia app che non conosciamo potrebbe non ricevere più aggiornamenti di sicurezza.
Nothing to do here. Keep your apps up to date and remove the ones you don't use.	No hay nada que hacer aquí. Mantén tus apps al día y quita las que no uses.	Rien à faire ici. Gardez vos applis à jour et supprimez celles que vous n'utilisez pas.	Hier ist nichts zu tun. Halte deine Apps aktuell und entferne die, die du nicht nutzt.	Não há nada a fazer aqui. Mantenha seus apps atualizados e remova os que você não usa.	Non c'è nulla da fare qui. Tieni aggiornate le app e rimuovi quelle che non usi.
How healthy your drives say they are.	Lo sanas que dicen estar tus unidades.	L'état de santé que vos disques déclarent.	Wie gesund deine Laufwerke nach eigener Angabe sind.	Quão saudáveis suas unidades dizem estar.	Quanto dicono di essere in salute le tue unità.
A drive on its way out can fail suddenly and take your files with it.	Una unidad a punto de fallar puede estropearse de golpe y llevarse tus archivos.	Un disque en fin de vie peut lâcher d'un coup et emporter vos fichiers.	Ein Laufwerk am Ende seiner Lebensdauer kann plötzlich ausfallen und deine Dateien mitnehmen.	Uma unidade em fim de vida pode falhar de repente e levar seus arquivos junto.	Un'unità a fine vita può guastarsi all'improvviso e portarsi via i tuoi file.
Back up your files soon, and think about replacing a drive that reports problems.	Haz pronto una copia de tus archivos y plantéate cambiar una unidad que dé problemas.	Sauvegardez vite vos fichiers et pensez à remplacer un disque qui signale des problèmes.	Sichere bald deine Dateien und überlege, ein Laufwerk mit gemeldeten Problemen zu ersetzen.	Faça backup dos arquivos logo e pense em trocar uma unidade que relata problemas.	Fai presto un backup dei tuoi file e pensa a sostituire un'unità che segnala problemi.
A list of the physical drives in this PC.	Una lista de las unidades físicas de este PC.	La liste des disques physiques de ce PC.	Eine Liste der physischen Laufwerke in diesem PC.	Uma lista das unidades físicas deste PC.	Un elenco delle unità fisiche di questo PC.
Without the list, we can't tell whether a drive is wearing out.	Sin la lista, no podemos saber si una unidad se está desgastando.	Sans la liste, nous ne pouvons pas savoir si un disque s'use.	Ohne die Liste können wir nicht sagen, ob ein Laufwerk verschleißt.	Sem a lista, não dá para saber se uma unidade está se desgastando.	Senza l'elenco non possiamo sapere se un'unità si sta consumando.
Wear and error counts that your drives report about themselves.	Contadores de desgaste y errores que tus unidades informan sobre sí mismas.	Les compteurs d'usure et d'erreurs que vos disques signalent sur eux-mêmes.	Verschleiß- und Fehlerzähler, die deine Laufwerke über sich selbst melden.	Contadores de desgaste e erros que suas unidades informam sobre si mesmas.	Contatori di usura ed errori che le tue unità riportano su se stesse.
A worn drive can start losing data without warning.	Una unidad desgastada puede empezar a perder datos sin avisar.	Un disque usé peut commencer à perdre des données sans prévenir.	Ein abgenutztes Laufwerk kann ohne Vorwarnung Daten verlieren.	Uma unidade desgastada pode começar a perder dados sem aviso.	Un'unità consumata può iniziare a perdere dati senza preavviso.
Back up your files. Replace the drive if the numbers keep getting worse.	Haz una copia de tus archivos. Cambia la unidad si los números siguen empeorando.	Sauvegardez vos fichiers. Remplacez le disque si les chiffres continuent de se dégrader.	Sichere deine Dateien. Ersetze das Laufwerk, wenn die Werte weiter schlechter werden.	Faça backup dos arquivos. Troque a unidade se os números continuarem piorando.	Fai un backup dei tuoi file. Sostituisci l'unità se i valori continuano a peggiorare.
How much of the list of waiting updates we could read offline.	Cuánto de la lista de actualizaciones pendientes pudimos leer sin conexión.	La part de la liste des mises à jour en attente que nous avons pu lire hors ligne.	Wie viel der Liste wartender Updates wir offline lesen konnten.	Quanto da lista de atualizações pendentes conseguimos ler offline.	Quanta parte dell'elenco degli aggiornamenti in attesa abbiamo potuto leggere offline.
If we can't see all of it, some missing updates may not show up here.	Si no podemos verla entera, puede que algunas actualizaciones pendientes no aparezcan aquí.	Si nous n'en voyons pas la totalité, certaines mises à jour manquantes peuvent ne pas apparaître ici.	Sehen wir nicht alles, tauchen fehlende Updates hier vielleicht nicht auf.	Se não vemos tudo, algumas atualizações pendentes podem não aparecer aqui.	Se non la vediamo tutta, alcuni aggiornamenti mancanti potrebbero non comparire qui.
Open Windows Update and check for updates there.	Abre Windows Update y busca actualizaciones allí.	Ouvrez Windows Update et recherchez-y des mises à jour.	Öffne Windows Update und suche dort nach Updates.	Abra o Windows Update e procure atualizações lá.	Apri Windows Update e cerca lì gli aggiornamenti.
Security updates that Windows already knows are waiting for this PC.	Actualizaciones de seguridad que Windows ya sabe que esperan a este PC.	Des mises à jour de sécurité que Windows sait déjà en attente pour ce PC.	Sicherheitsupdates, von denen Windows schon weiß, dass sie für diesen PC bereitliegen.	Atualizações de segurança que o Windows já sabe que estão esperando por este PC.	Aggiornamenti di sicurezza che Windows sa già essere in attesa per questo PC.
Waiting updates leave known holes open until they are installed.	Las actualizaciones pendientes dejan fallos conocidos abiertos hasta que se instalan.	Les mises à jour en attente laissent des failles connues ouvertes tant qu'elles ne sont pas installées.	Wartende Updates lassen bekannte Lücken offen, bis sie installiert sind.	Atualizações pendentes deixam falhas conhecidas abertas até serem instaladas.	Gli aggiornamenti in attesa lasciano aperte falle note finché non vengono installati.
Open Windows Update and install what is waiting.	Abre Windows Update e instala lo que esté pendiente.	Ouvrez Windows Update et installez ce qui est en attente.	Öffne Windows Update und installiere, was bereitsteht.	Abra o Windows Update e instale o que estiver pendente.	Apri Windows Update e installa ciò che è in attesa.
A setting that keeps hardware driver updates out of Windows Update.	Un ajuste que deja fuera de Windows Update las actualizaciones de controladores.	Un réglage qui exclut les mises à jour de pilotes de Windows Update.	Eine Einstellung, die Treiber-Updates aus Windows Update heraushält.	Uma configuração que deixa as atualizações de drivers fora do Windows Update.	Un'impostazione che tiene gli aggiornamenti dei driver fuori da Windows Update.
Drivers may stay out of date, though this is often done on purpose.	Los controladores pueden quedar desactualizados, aunque a menudo se hace a propósito.	Les pilotes peuvent rester périmés, même si c'est souvent voulu.	Treiber können veralten, auch wenn das oft Absicht ist.	Os drivers podem ficar desatualizados, embora isso costume ser de propósito.	I driver possono restare non aggiornati, anche se spesso è voluto.
Nothing to do unless you didn't choose it. Then ask whoever set up your PC.	No hay nada que hacer a menos que no lo hayas elegido tú. En ese caso, pregunta a quien preparó tu PC.	Rien à faire sauf si ce n'est pas votre choix. Demandez alors à la personne qui a configuré votre PC.	Nichts zu tun, außer du hast es nicht selbst gewählt. Dann frage die Person, die deinen PC eingerichtet hat.	Não há nada a fazer, a menos que não tenha sido escolha sua. Aí pergunte a quem preparou seu PC.	Non c'è nulla da fare, a meno che non l'abbia scelto tu. In tal caso chiedi a chi ha configurato il tuo PC.
Updates that tried to install and failed.	Actualizaciones que intentaron instalarse y fallaron.	Des mises à jour qui ont tenté de s'installer et ont échoué.	Updates, die sich installieren wollten und fehlgeschlagen sind.	Atualizações que tentaram instalar e falharam.	Aggiornamenti che hanno provato a installarsi e sono falliti.
A failed security update leaves the holes it was meant to close wide open.	Una actualización de seguridad fallida deja abiertos los fallos que debía cerrar.	Une mise à jour de sécurité échouée laisse grandes ouvertes les failles qu'elle devait fermer.	Ein fehlgeschlagenes Sicherheitsupdate lässt die Lücken offen, die es schließen sollte.	Uma atualização de segurança que falhou deixa abertas as falhas que deveria fechar.	Un aggiornamento di sicurezza fallito lascia aperte le falle che doveva chiudere.
Open Windows Update and try again. Restart first if it asks you to.	Abre Windows Update e vuelve a intentarlo. Reinicia antes si te lo pide.	Ouvrez Windows Update et réessayez. Redémarrez d'abord si on vous le demande.	Öffne Windows Update und versuche es erneut. Starte vorher neu, falls es dazu auffordert.	Abra o Windows Update e tente de novo. Reinicie antes, se ele pedir.	Apri Windows Update e riprova. Riavvia prima, se te lo chiede.
How recently your PC installed updates.	Cuándo instaló tu PC actualizaciones por última vez.	À quand remonte la dernière installation de mises à jour sur votre PC.	Wie lange es her ist, dass dein PC Updates installiert hat.	Há quanto tempo seu PC instalou atualizações pela última vez.	Quanto tempo fa il tuo PC ha installato aggiornamenti.
A PC that hasn't updated for weeks is missing security fixes.	Un PC que lleva semanas sin actualizarse no tiene correcciones de seguridad.	Un PC qui n'a pas été mis à jour depuis des semaines manque de correctifs de sécurité.	Einem PC, der wochenlang kein Update hatte, fehlen Sicherheitskorrekturen.	Um PC sem atualizar há semanas está sem correções de segurança.	Un PC che non si aggiorna da settimane è privo di correzioni di sicurezza.
How much of your update history we could read.	Cuánto de tu historial de actualizaciones pudimos leer.	La part de votre historique de mises à jour que nous avons pu lire.	Wie viel deines Update-Verlaufs wir lesen konnten.	Quanto do seu histórico de atualizações conseguimos ler.	Quanta parte della cronologia degli aggiornamenti abbiamo potuto leggere.
If we can't read it, we can't tell whether updates are really being installed.	Si no podemos leerlo, no sabemos si las actualizaciones se instalan de verdad.	Si nous ne pouvons pas le lire, nous ne savons pas si les mises à jour s'installent vraiment.	Können wir ihn nicht lesen, wissen wir nicht, ob Updates wirklich installiert werden.	Se não conseguimos ler, não dá para saber se as atualizações estão mesmo sendo instaladas.	Se non possiamo leggerla, non sappiamo se gli aggiornamenti vengono davvero installati.
Nothing to do here. Open Windows Update to see the history.	No hay nada que hacer aquí. Abre Windows Update para ver el historial.	Rien à faire ici. Ouvrez Windows Update pour voir l'historique.	Hier ist nichts zu tun. Öffne Windows Update, um den Verlauf zu sehen.	Não há nada a fazer aqui. Abra o Windows Update para ver o histórico.	Non c'è nulla da fare qui. Apri Windows Update per vedere la cronologia.
Windows Update is paused for now.	Windows Update está en pausa por ahora.	Windows Update est en pause pour le moment.	Windows Update ist vorerst pausiert.	O Windows Update está em pausa por enquanto.	Windows Update è in pausa per ora.
While it's paused, new security fixes don't arrive.	Mientras está en pausa, no llegan nuevas correcciones de seguridad.	Tant qu'il est en pause, les nouveaux correctifs de sécurité n'arrivent pas.	Solange es pausiert ist, kommen keine neuen Sicherheitskorrekturen an.	Enquanto estiver em pausa, novas correções de segurança não chegam.	Finché è in pausa, le nuove correzioni di sicurezza non arrivano.
Open Windows Update and resume updates.	Abre Windows Update y reanuda las actualizaciones.	Ouvrez Windows Update et reprenez les mises à jour.	Öffne Windows Update und setze die Updates fort.	Abra o Windows Update e retome as atualizações.	Apri Windows Update e riprendi gli aggiornamenti.
A restart is waiting to finish installing updates.	Hay un reinicio pendiente para terminar de instalar actualizaciones.	Un redémarrage est en attente pour terminer l'installation de mises à jour.	Ein Neustart steht aus, um die Installation von Updates abzuschließen.	Há uma reinicialização pendente para terminar de instalar atualizações.	È in attesa un riavvio per completare l'installazione degli aggiornamenti.
Until you restart, the fixes are only half installed and the holes may stay open.	Hasta que reinicies, las correcciones están a medio instalar y los fallos pueden seguir abiertos.	Tant que vous ne redémarrez pas, les correctifs ne sont installés qu'à moitié et les failles peuvent rester ouvertes.	Bis zum Neustart sind die Korrekturen nur halb installiert, und die Lücken bleiben vielleicht offen.	Até você reiniciar, as correções estão só pela metade e as falhas podem continuar abertas.	Finché non riavvii, le correzioni sono installate solo a metà e le falle possono restare aperte.
Restart your PC when it suits you. Secblitz never restarts it for you.	Reinicia el PC cuando te venga bien. Secblitz nunca lo reinicia por ti.	Redémarrez votre PC quand cela vous arrange. Secblitz ne le redémarre jamais à votre place.	Starte deinen PC neu, wenn es dir passt. Secblitz startet ihn nie von selbst neu.	Reinicie o PC quando for conveniente. O Secblitz nunca o reinicia por você.	Riavvia il PC quando ti è comodo. Secblitz non lo riavvia mai al posto tuo.
A protected area inside Windows that guards its core, and whether it is switched on.	Un área protegida dentro de Windows que resguarda su núcleo, y si está activada.	Une zone protégée de Windows qui garde son cœur, et si elle est activée.	Ein geschützter Bereich in Windows, der den Kern bewacht, und ob er eingeschaltet ist.	Uma área protegida dentro do Windows que guarda seu núcleo e se ela está ligada.	Un'area protetta dentro Windows che difende il suo nucleo e se è attiva.
Without it, harmful code that reaches the core of Windows finds it easier to hide.	Sin ella, el código dañino que llega al núcleo de Windows lo tiene más fácil para esconderse.	Sans elle, un code malveillant qui atteint le cœur de Windows se cache plus facilement.	Ohne sie kann sich schädlicher Code, der den Kern von Windows erreicht, leichter verstecken.	Sem ela, código nocivo que chega ao núcleo do Windows tem mais facilidade para se esconder.	Senza di essa, il codice dannoso che raggiunge il nucleo di Windows si nasconde più facilmente.
VPN connections set up on this PC.	Conexiones VPN configuradas en este PC.	Les connexions VPN configurées sur ce PC.	VPN-Verbindungen, die auf diesem PC eingerichtet sind.	Conexões VPN configuradas neste PC.	Connessioni VPN configurate su questo PC.
A forgotten or unexpected VPN could send your traffic through a company you don't know.	Una VPN olvidada o inesperada podría enviar tu tráfico a través de una empresa que no conoces.	Un VPN oublié ou inattendu pourrait faire passer votre trafic par une entreprise inconnue.	Ein vergessenes oder unerwartetes VPN könnte deinen Verkehr über eine dir unbekannte Firma leiten.	Uma VPN esquecida ou inesperada poderia enviar seu tráfego por uma empresa que você não conhece.	Una VPN dimenticata o inattesa potrebbe far passare il tuo traffico da un'azienda che non conosci.
Nothing to do here. Remove a VPN you don't recognize.	No hay nada que hacer aquí. Quita una VPN que no reconozcas.	Rien à faire ici. Supprimez un VPN que vous ne reconnaissez pas.	Hier ist nichts zu tun. Entferne ein VPN, das du nicht kennst.	Não há nada a fazer aqui. Remova uma VPN que você não reconhece.	Non c'è nulla da fare qui. Rimuovi una VPN che non riconosci.
Recovery tools that help fix Windows if it stops starting.	Herramientas de recuperación que ayudan a reparar Windows si deja de arrancar.	Des outils de récupération qui aident à réparer Windows s'il ne démarre plus.	Wiederherstellungstools, die helfen, Windows zu reparieren, wenn es nicht mehr startet.	Ferramentas de recuperação que ajudam a consertar o Windows se ele parar de iniciar.	Strumenti di ripristino che aiutano a riparare Windows se non si avvia più.
If Windows won't start, you'd have fewer ways to repair it without reinstalling.	Si Windows no arranca, tendrías menos formas de repararlo sin reinstalar.	Si Windows ne démarre plus, vous auriez moins de moyens de le réparer sans réinstaller.	Startet Windows nicht, hättest du weniger Wege, es ohne Neuinstallation zu reparieren.	Se o Windows não iniciar, você teria menos formas de reparar sem reinstalar.	Se Windows non si avvia, avresti meno modi di ripararlo senza reinstallare.
Ask someone you trust to turn it on. Secblitz doesn't change this.	Pide a alguien de confianza que lo active. Secblitz no cambia esto.	Demandez à une personne de confiance de l'activer. Secblitz ne modifie pas cela.	Bitte jemanden, dem du vertraust, es einzuschalten. Secblitz ändert das nicht.	Peça a alguém de confiança para ativar. O Secblitz não altera isso.	Chiedi a una persona fidata di attivarlo. Secblitz non modifica questo.
What it is	Qué es	De quoi il s'agit	Was es ist	O que é	Che cos'è
If it's off	Si está desactivado	Si c'est désactivé	Wenn es aus ist	Se estiver desligado	Se è disattivato
If you turn it on	Si lo activas	Si vous l'activez	Wenn du es einschaltest	Se você ativar	Se lo attivi
What you can do	Qué puedes hacer	Ce que vous pouvez faire	Was du tun kannst	O que você pode fazer	Cosa puoi fare
